salt,solvent,concentration,solv_per_ion_pair
[Li+].[N-](S(=O)(=O)F)S(=O)(=O)F,CCC1(OC(=O)OC)CCC(C)C1,0.3,17.31
[Li+].[N-](S(=O)(=O)F)S(=O)(=O)F,CC1C(=O)C2CCCC2C1=O,1.32,4.25
[Li+].[N-](S(=O)(=O)F)S(=O)(=O)F,CCON(C)C(C)C1CCCS1,0.66,7.42
[Li+].[N-](S(=O)(=O)F)S(=O)(=O)F,CCCCC1CC1C1C(=O)CCC1C,1.5,2.86
[Li+].[N-](S(=O)(=O)F)S(=O)(=O)F,CC1COCCCC1(C)C,0.74,8.73
[Li+].[N-](S(=O)(=O)F)S(=O)(=O)F,CCC(=O)C(CCC(C)C)OC,1.19,4.24
[Li+].[N-](S(=O)(=O)F)S(=O)(=O)F,CCC1CCCC(=O)C1Cl,0.66,8.75
[Li+].[N-](S(=O)(=O)F)S(=O)(=O)F,CC(C)C(C)CCCC(=O)C#N,0.43,13.25
[Li+].[N-](S(=O)(=O)F)S(=O)(=O)F,CCCC(=O)OSC,1.46,4.28
[Li+].[N-](S(=O)(=O)F)S(=O)(=O)F,CC(=O)C1C2CCC(CSC2)C1C,0.3,16.25
[Li+].[N-](S(=O)(=O)F)S(=O)(=O)F,CCC1CCC2C3CCC3OC(=O)C12,1.14,3.95
[Li+].[N-](S(=O)(=O)F)S(=O)(=O)F,CCC(CCC(C)C(C)C)OC,0.43,12.86
[Li+].[N-](S(=O)(=O)F)S(=O)(=O)F,CCS(=O)(=O)CCCC(C)(C)C,0.43,11.52
[Li+].[N-](S(=O)(=O)F)S(=O)(=O)F,CCCC1(C)CC(=O)C12CCCC2C,0.57,8.46
[Li+].[N-](S(=O)(=O)F)S(=O)(=O)F,CCCC1C2CCC(C)C(C)C12OC,0.7,6.72
[Li+].[N-](S(=O)(=O)F)S(=O)(=O)F,CCC1(C#N)CCCCC(=O)O1,1.1,4.78
[Li+].[N-](S(=O)(=O)F)S(=O)(=O)F,CCC1(C(C)(C)C)OOC1=O,1.28,4.24
[Li+].[N-](S(=O)(=O)F)S(=O)(=O)F,CC(F)C(=O)C1(C)CCCO1,1.41,3.74
[Li+].[N-](S(=O)(=O)F)S(=O)(=O)F,CCC(C)(C)CCC(=O)N1CCCO1,0.48,9.9
[Li+].[N-](S(=O)(=O)F)S(=O)(=O)F,CCC(C)C(OOC)C(C)C(C)C,1.32,3.44
[Li+].[N-](S(=O)(=O)F)S(=O)(=O)F,CCC(CC)OC1CC(=O)CC1CC,0.34,14.28
[Li+].[N-](S(=O)(=O)F)S(=O)(=O)F,CC(=O)CC1C(C)C2CCC1(C#N)C2,0.48,10.32
[Li+].[N-](S(=O)(=O)F)S(=O)(=O)F,CCCC(C)OC(=O)OC(C)=O,0.66,8.07
[Li+].[N-](S(=O)(=O)F)S(=O)(=O)F,CCC12CC(CCCCC1=O)C2,0.88,6.17
[Li+].[N-](S(=O)(=O)F)S(=O)(=O)F,CCCOC(=O)C(C)C1CCC1CC,0.79,5.83
[Li+].[N-](S(=O)(=O)C(F)(F)F)S(=O)(=O)C(F)(F)F,CC12CCC3CCC(C1)C2COC3,1.1,4.11
[Li+].[N-](S(=O)(=O)C(F)(F)F)S(=O)(=O)C(F)(F)F,CCCC(=O)C(=O)OC,0.88,7.43
[Li+].[N-](S(=O)(=O)C(F)(F)F)S(=O)(=O)C(F)(F)F,CC1C(=O)C2CCCC2C1=O,0.92,6.03
[Li+].[N-](S(=O)(=O)C(F)(F)F)S(=O)(=O)C(F)(F)F,CC(=O)C(C)C1CC(C)C(C)C1,0.39,14.23
[Li+].[N-](S(=O)(=O)C(F)(F)F)S(=O)(=O)C(F)(F)F,CC1CC2CC(C2)C(C)C(=O)OC1C,1.32,3.0
[Li+].[N-](S(=O)(=O)C(F)(F)F)S(=O)(=O)C(F)(F)F,CCCC(=O)OSC,0.43,16.07
[Li+].[N-](S(=O)(=O)C(F)(F)F)S(=O)(=O)C(F)(F)F,CCCCC(C)(CC)CCC(C)=O,0.52,9.52
[Li+].[N-](S(=O)(=O)C(F)(F)F)S(=O)(=O)C(F)(F)F,COC(=O)OCC(=O)C(=O)C(C)C,0.88,5.14
[Li+].[N-](S(=O)(=O)C(F)(F)F)S(=O)(=O)C(F)(F)F,COC(=O)CC1CCCCCC(C)C1,1.5,2.51
[Li+].[N-](S(=O)(=O)C(F)(F)F)S(=O)(=O)C(F)(F)F,CCC(C)CC(C)=O,0.7,11.03
[Li+].[N-](S(=O)(=O)C(F)(F)F)S(=O)(=O)C(F)(F)F,CCC(=O)C(CCC(C)C)OC,0.74,6.86
[Li+].[N-](S(=O)(=O)C(F)(F)F)S(=O)(=O)C(F)(F)F,CCOC(=O)CC1CC1C1CCCC1,0.61,7.49
[Li+].[N-](S(=O)(=O)C(F)(F)F)S(=O)(=O)C(F)(F)F,CCCCC(=O)C(C)C(C)OC,0.83,6.01
[Li+].[N-](S(=O)(=O)C(F)(F)F)S(=O)(=O)C(F)(F)F,CCC(C)OC(=O)CSC,1.32,3.63
[Li+].[N-](S(=O)(=O)C(F)(F)F)S(=O)(=O)C(F)(F)F,CC1CC(C)(C)C(=O)CC1C(C)(C)C,0.61,7.49
[Li+].[N-](S(=O)(=O)C(F)(F)F)S(=O)(=O)C(F)(F)F,CCCC1CC(=O)C(C(C)C)C1(C)C,1.14,3.61
[Li+].[N-](S(=O)(=O)C(F)(F)F)S(=O)(=O)C(F)(F)F,CC1CC(C)(C)C(C)(C)CC1=O,0.7,7.49
[Li+].[N-](S(=O)(=O)C(F)(F)F)S(=O)(=O)C(F)(F)F,CCCC(=O)C(C)C(C)C(C)C(C)C,0.7,6.35
[Li+].[N-](S(=O)(=O)C(F)(F)F)S(=O)(=O)C(F)(F)F,CCCC(C(C)(C)C)C1(CC)OO1,1.06,4.16
[Li+].[N-](S(=O)(=O)C(F)(F)F)S(=O)(=O)C(F)(F)F,CC(CF)C1(CF)CCOC1,0.34,16.88
[Li+].[N-](S(=O)(=O)C(F)(F)F)S(=O)(=O)C(F)(F)F,CCC(=O)C(C)C(CC)SC#N,0.83,5.59
[Li+].[N-](S(=O)(=O)C(F)(F)F)S(=O)(=O)C(F)(F)F,CCC1(OC(=O)OC)CCC(C)C1,0.83,5.56
[Li+].[N-](S(=O)(=O)C(F)(F)F)S(=O)(=O)C(F)(F)F,CCCCC(C)CC(=O)CC,0.39,15.33
[Li+].[N-](S(=O)(=O)C(F)(F)F)S(=O)(=O)C(F)(F)F,COC(=O)CCC1CCCCCC1C,1.14,3.57
[Li+].[N-](S(=O)(=O)C(F)(F)F)S(=O)(=O)C(F)(F)F,CCCCC1CC1C1C(=O)CCC1C,0.39,12.33
[Li+].[N-](S(=O)(=O)C(F)(F)C(F)(F)F)S(=O)(=O)C(F)(F)C(F)(F)F,CCC(C#N)CS(=O)(=O)CC,0.83,5.58
[Li+].[N-](S(=O)(=O)C(F)(F)C(F)(F)F)S(=O)(=O)C(F)(F)C(F)(F)F,CCC1(OC(=O)OC)CCC(C)C1,1.41,2.59
[Li+].[N-](S(=O)(=O)C(F)(F)C(F)(F)F)S(=O)(=O)C(F)(F)C(F)(F)F,CCCC(C)CC(C)S(C)(=O)=O,0.83,5.08
[Li+].[N-](S(=O)(=O)C(F)(F)C(F)(F)F)S(=O)(=O)C(F)(F)C(F)(F)F,CCC(CC)C(C)C(=O)OC(C)C,1.14,3.49
[Li+].[N-](S(=O)(=O)C(F)(F)C(F)(F)F)S(=O)(=O)C(F)(F)C(F)(F)F,CCCCC(=O)C(C)C(C)OC,0.43,12.18
[Li+].[N-](S(=O)(=O)C(F)(F)C(F)(F)F)S(=O)(=O)C(F)(F)C(F)(F)F,COCCC(C(C)C)C(C)C,0.34,17.14
[Li+].[N-](S(=O)(=O)C(F)(F)C(F)(F)F)S(=O)(=O)C(F)(F)C(F)(F)F,CCC1CC(C)C1C(C)CCOC,0.97,4.36
[Li+].[N-](S(=O)(=O)C(F)(F)C(F)(F)F)S(=O)(=O)C(F)(F)C(F)(F)F,CC(=O)CCC(C)(C)C(C)C(C)C,0.3,16.85
[Li+].[N-](S(=O)(=O)C(F)(F)C(F)(F)F)S(=O)(=O)C(F)(F)C(F)(F)F,CCC(CC)CC(=O)C(C)CC,0.57,8.96
[Li+].[N-](S(=O)(=O)C(F)(F)C(F)(F)F)S(=O)(=O)C(F)(F)C(F)(F)F,CCCCCC(C#N)(CC)C(C)=O,0.97,4.43
[Li+].[N-](S(=O)(=O)C(F)(F)C(F)(F)F)S(=O)(=O)C(F)(F)C(F)(F)F,CC12CC3C4CCC35CC(C1CO5)C42,0.74,5.91
[Li+].[N-](S(=O)(=O)C(F)(F)C(F)(F)F)S(=O)(=O)C(F)(F)C(F)(F)F,CCOC(C)OC(=O)OC,0.43,14.16
[Li+].[N-](S(=O)(=O)C(F)(F)C(F)(F)F)S(=O)(=O)C(F)(F)C(F)(F)F,CCC12COC(CC1C)CC2(C)C,1.28,3.04
[Li+].[N-](S(=O)(=O)C(F)(F)C(F)(F)F)S(=O)(=O)C(F)(F)C(F)(F)F,CCC1CCC(C)(C)C(=O)C1,1.19,3.97
[Li+].[N-](S(=O)(=O)C(F)(F)C(F)(F)F)S(=O)(=O)C(F)(F)C(F)(F)F,CCCC1(C)CC(=O)C12CCCC2C,1.41,2.48
[Li+].[N-](S(=O)(=O)C(F)(F)C(F)(F)F)S(=O)(=O)C(F)(F)C(F)(F)F,COC1=CSC=CC1,0.83,7.62
[Li+].[N-](S(=O)(=O)C(F)(F)C(F)(F)F)S(=O)(=O)C(F)(F)C(F)(F)F,CCC1C(OC(C)=O)OC(=O)C1C#N,0.7,6.09
[Li+].[N-](S(=O)(=O)C(F)(F)C(F)(F)F)S(=O)(=O)C(F)(F)C(F)(F)F,CCCC(=O)C(C)C(C)C(C)C(C)C,1.01,3.84
[Li+].[N-](S(=O)(=O)C(F)(F)C(F)(F)F)S(=O)(=O)C(F)(F)C(F)(F)F,CC1(C(=O)C2CCCCC2=O)CCC1,0.48,9.55
[Li+].[N-](S(=O)(=O)C(F)(F)C(F)(F)F)S(=O)(=O)C(F)(F)C(F)(F)F,CCCC1CC2(CCCCC2)CO1,0.34,14.88
[Li+].[N-](S(=O)(=O)C(F)(F)C(F)(F)F)S(=O)(=O)C(F)(F)C(F)(F)F,COC(=O)OCC(=O)C(=O)C(C)C,1.1,3.62
[Li+].[N-](S(=O)(=O)C(F)(F)C(F)(F)F)S(=O)(=O)C(F)(F)C(F)(F)F,CC1CC2CCCC3(CCCC3=O)C12,0.79,5.4
[Li+].[N-](S(=O)(=O)C(F)(F)C(F)(F)F)S(=O)(=O)C(F)(F)C(F)(F)F,CCC1CCCC(=O)C1Cl,0.61,8.79
[Li+].[N-](S(=O)(=O)C(F)(F)C(F)(F)F)S(=O)(=O)C(F)(F)C(F)(F)F,CC(=O)CCC1CCC(C)O1,1.19,3.92
[Li+].[N-](S(=O)(=O)C(F)(F)C(F)(F)F)S(=O)(=O)C(F)(F)C(F)(F)F,CC1CC(C)(C)C(C)(C)CC1=O,1.37,2.98
[Li+].[B-](F)(F)(F)F,CC(=O)CC(C)CCOC(C)=O,0.97,5.67
[Li+].[B-](F)(F)(F)F,CCC1COC(C)C2CCC2C1C,0.79,6.64
[Li+].[B-](F)(F)(F)F,CCCCC(OC(C)=O)C(C)(C)F,0.43,11.93
[Li+].[B-](F)(F)(F)F,CCC(C)CC(C)=O,1.28,6.36
[Li+].[B-](F)(F)(F)F,CC1CCCC2CC1COC(C)(C)C2,1.23,3.86
[Li+].[B-](F)(F)(F)F,CC(C)CCOC(=O)C(C)(C)F,0.74,7.36
[Li+].[B-](F)(F)(F)F,CC1CC2CCCC3(CCCC3=O)C12,0.92,5.37
[Li+].[B-](F)(F)(F)F,CC(C)C(C)CCCC(=O)C#N,0.66,8.73
[Li+].[B-](F)(F)(F)F,CC(C)(C)c1ccc2c(c1)ON(F)O2,1.01,4.74
[Li+].[B-](F)(F)(F)F,CCC12CC1OC(=O)CCCCC2C,1.06,4.53
[Li+].[B-](F)(F)(F)F,CCCC(CCC(F)F)C(=O)OC,1.14,4.23
[Li+].[B-](F)(F)(F)F,CC1C(CS(C)(=O)=O)C1(C)C,0.43,12.88
[Li+].[B-](F)(F)(F)F,CCC12COC(CC1C)CC2(C)C,1.1,4.68
[Li+].[B-](F)(F)(F)F,CCC(CC)C(C)C(=O)OC(C)C,1.5,3.28
[Li+].[B-](F)(F)(F)F,CC1CCC(=O)CC(=O)C12CCCC2,1.23,3.9
[Li+].[B-](F)(F)(F)F,CCC(=O)C(C)C(CC)SC#N,0.43,12.25
[Li+].[B-](F)(F)(F)F,COC(=O)C1CC(C)(F)CC1CF,1.01,4.86
[Li+].[B-](F)(F)(F)F,CCCCC(OC)C(CC)CC,0.92,5.99
[Li+].[B-](F)(F)(F)F,CCCC(C(C)C)C(C)C(=O)OC,0.88,5.8
[Li+].[B-](F)(F)(F)F,CCC(=O)C(CCC(C)C)OC,0.97,5.66
[Li+].[B-](F)(F)(F)F,CC1C2CC(=O)C(C#N)C(C)(C)CC12,1.06,4.64
[Li+].[B-](F)(F)(F)F,CCC1C(COC)C2C3CC3CC12C,1.28,3.74
[Li+].[B-](F)(F)(F)F,CCCC1C2CCC(C)C(C)C12OC,1.01,4.76
[Li+].[B-](F)(F)(F)F,CC(CF)C1(CF)CCOC1,0.66,8.89
[Li+].[B-](F)(F)(F)F,CCC1CCC2OC(=O)OC12,0.43,14.54
[Li+].F[P-](F)(F)(F)(F)F,CC12CCCC1(C)C(C(=O)C#N)CC2,0.61,8.1
[Li+].F[P-](F)(F)(F)(F)F,CSCCC(=O)CSC,1.06,5.2
[Li+].F[P-](F)(F)(F)(F)F,CC(=O)C1CCCS(=O)(=O)C1,0.7,7.6
[Li+].F[P-](F)(F)(F)(F)F,CCC(=O)CC1OC(=O)C1C1CC1,0.92,5.47
[Li+].F[P-](F)(F)(F)(F)F,CCCC1(CC)COC(=O)OC1,1.37,3.72
[Li+].F[P-](F)(F)(F)(F)F,CCCCC(C)OC(=O)OCC,0.7,7.69
[Li+].F[P-](F)(F)(F)(F)F,COC(=O)CC1(CC(C)C)CCC1,0.92,5.41
[Li+].F[P-](F)(F)(F)(F)F,CCCCC(C)C(=O)OOCF,1.01,5.05
[Li+].F[P-](F)(F)(F)(F)F,CCN1C(C)CC(=O)C12CC2C,1.14,4.71
[Li+].F[P-](F)(F)(F)(F)F,CCC(C)C(CC#N)CCCC(C)=O,1.06,4.37
[Li+].F[P-](F)(F)(F)(F)F,CCOC(=O)CC1CC1C1CCCC1,0.66,7.26
[Li+].F[P-](F)(F)(F)(F)F,CCC1C2C(C)C(=O)CCCC12OC,1.23,3.69
[Li+].F[P-](F)(F)(F)(F)F,CCCC1(C)CC(CC)C(=O)C1C,0.43,12.27
[Li+].F[P-](F)(F)(F)(F)F,COC(=O)CC1CCCCCC(C)C1,1.19,3.79
[Li+].F[P-](F)(F)(F)(F)F,CCCCCC(=O)OC(C)CCC,0.66,7.65
[Li+].F[P-](F)(F)(F)(F)F,COC(=O)C(C)C(C)S(=O)(=O)F,0.7,6.76
[Li+].F[P-](F)(F)(F)(F)F,CCCC(CCC(F)F)C(=O)OC,0.52,9.44
[Li+].F[P-](F)(F)(F)(F)F,CCCC1(C)CC(=O)C12CCCC2C,0.92,5.13
[Li+].F[P-](F)(F)(F)(F)F,CCCC(=O)C1CCCC(=O)C1CC,1.41,3.16
[Li+].F[P-](F)(F)(F)(F)F,CC(=O)C(C)(C)C(C)C#N,1.28,4.97
[Li+].F[P-](F)(F)(F)(F)F,CCCOCCC1CC(C)CCC1C,0.97,4.75
[Li+].F[P-](F)(F)(F)(F)F,CCCC1CC2(CCCCC2)CO1,1.41,3.4
[Li+].F[P-](F)(F)(F)(F)F,CCS(=O)(=O)CCCC(C)(C)F,1.06,4.35
[Li+].F[P-](F)(F)(F)(F)F,CC(=O)CCC1CCC(C)O1,1.19,4.81
[Li+].F[P-](F)(F)(F)(F)F,COCCC(C(C)C)C(C)C,0.97,5.95
[Li+].[O-]Cl(=O)(=O)=O,CC(=O)CCCCC(C)CC(C)=O,1.06,4.78
[Li+].[O-]Cl(=O)(=O)=O,CCC1CC(C)(CC)C(=O)CC1(C)C,0.39,12.74
[Li+].[O-]Cl(=O)(=O)=O,CC1CC(C)(C)C(=O)CC1C(C)(C)C,0.92,5.22
[Li+].[O-]Cl(=O)(=O)=O,COC(=O)OCCCSSC,1.46,3.17
[Li+].[O-]Cl(=O)(=O)=O,CC(=O)CC1CC1C1CC(C)C2CC21,1.19,4.04
[Li+].[O-]Cl(=O)(=O)=O,CCCCC(=O)C(C)(C)C(C)C,0.79,7.07
[Li+].[O-]Cl(=O)(=O)=O,CCCCCC(F)C(=O)CN(C)C,0.79,6.36
[Li+].[O-]Cl(=O)(=O)=O,CCCC1(C)CC(CC)C(=O)C1C,0.61,8.65
[Li+].[O-]Cl(=O)(=O)=O,FCC1OCCO1,0.43,21.33
[Li+].[O-]Cl(=O)(=O)=O,CCCCC(OC)C(CC)CC,0.97,5.62
[Li+].[O-]Cl(=O)(=O)=O,CCCC(=O)CC(CC#N)C(C)(C)C,1.5,3.09
[Li+].[O-]Cl(=O)(=O)=O,CCC(=O)C(C)CS(=O)C(C)C,0.34,15.13
[Li+].[O-]Cl(=O)(=O)=O,CCCC(F)C(=O)CC,1.28,5.44
[Li+].[O-]Cl(=O)(=O)=O,CC1CCC12CC2C(=O)OC1(C)CC1,1.01,4.77
[Li+].[O-]Cl(=O)(=O)=O,CCC(=O)CC1OC(=O)C1C1CC1,1.06,4.83
[Li+].[O-]Cl(=O)(=O)=O,COC(=O)C1CCCC(C(C)C)C1C,0.92,5.17
[Li+].[O-]Cl(=O)(=O)=O,CSCCC(=O)CSC,1.1,5.15
[Li+].[O-]Cl(=O)(=O)=O,CC(CF)C1(CF)CCOC1,1.28,4.38
[Li+].[O-]Cl(=O)(=O)=O,CCC(=O)C(CCC(C)C)OC,1.41,3.75
[Li+].[O-]Cl(=O)(=O)=O,COCS(=O)(=O)C(C)(C)C,1.46,3.74
[Li+].[O-]Cl(=O)(=O)=O,CCC(CC)(OC(C)=O)SC,0.39,14.19
[Li+].[O-]Cl(=O)(=O)=O,CCCC1CC(=O)C(C(C)C)C1(C)C,0.92,5.22
[Li+].[O-]Cl(=O)(=O)=O,CC12CCCC1(C)C(C(=O)C#N)CC2,0.34,15.05
[Li+].[O-]Cl(=O)(=O)=O,CCC(=O)N1CCCCC1Cl,1.41,3.68
[Li+].[O-]Cl(=O)(=O)=O,CC12CC3(C)CC(C1)(C2)S3(=O)=O,1.01,4.98
[Li+].[O-]S(=O)(=O)C(F)(F)F,CCC12CC(CCCCC1=O)C2,0.48,11.98
[Li+].[O-]S(=O)(=O)C(F)(F)F,CCC1CCC(Cl)C1C(C)=O,0.61,8.86
[Li+].[O-]S(=O)(=O)C(F)(F)F,CC(=O)C1CC2CCCC(C2)C1=O,0.83,6.18
[Li+].[O-]S(=O)(=O)C(F)(F)F,CC1CC2C3C(C)(C)CCC23O1,1.19,4.5
[Li+].[O-]S(=O)(=O)C(F)(F)F,CCC(C)C1CCC(CCOC)C1,0.34,15.46
[Li+].[O-]S(=O)(=O)C(F)(F)F,CC12CCCC1(C)C(C(=O)C#N)CC2,0.61,8.09
[Li+].[O-]S(=O)(=O)C(F)(F)F,CC(=O)CCC(C)(C)C(C)C(C)C,1.14,4.26
[Li+].[O-]S(=O)(=O)C(F)(F)F,CCCCCC1CC1C(=O)C(=O)C#N,1.06,4.41
[Li+].[O-]S(=O)(=O)C(F)(F)F,CCS(=O)(=O)CC(C)CCCl,1.37,3.21
[Li+].[O-]S(=O)(=O)C(F)(F)F,CCC(C#N)CS(=O)(=O)CC,0.3,18.5
[Li+].[O-]S(=O)(=O)C(F)(F)F,CC1CCCC2CC1COC(C)(C)C2,1.5,2.93
[Li+].[O-]S(=O)(=O)C(F)(F)F,COC1CCCC(C2CCC3CC32)C1,1.28,3.55
[Li+].[O-]S(=O)(=O)C(F)(F)F,CC(=O)C(C)C1CC(C)C(C)C1,1.06,5.06
[Li+].[O-]S(=O)(=O)C(F)(F)F,CC1(C)CCCCCS(=O)(=O)C1,1.32,3.5
[Li+].[O-]S(=O)(=O)C(F)(F)F,CCC(CC)C(C)C(=O)OC(C)C,0.57,8.92
[Li+].[O-]S(=O)(=O)C(F)(F)F,CS(=O)(=O)C1CCCCC1,0.52,11.29
[Li+].[O-]S(=O)(=O)C(F)(F)F,CCCC(C)C(C)(C)CCC(C)=O,0.92,5.4
[Li+].[O-]S(=O)(=O)C(F)(F)F,CCCC(C(=O)CC)C(CC)C(C)C,1.28,3.48
[Li+].[O-]S(=O)(=O)C(F)(F)F,CCCCC(OC(C)=O)C(C)(C)F,0.43,11.74
[Li+].[O-]S(=O)(=O)C(F)(F)F,CCCC1(CC)COC(=O)OC1,0.92,5.78
[Li+].[O-]S(=O)(=O)C(F)(F)F,FCC1OCCO1,1.23,6.8
[Li+].[O-]S(=O)(=O)C(F)(F)F,CCCOC(=O)C(C)C1CCC1CC,0.79,5.92
[Li+].[O-]S(=O)(=O)C(F)(F)F,CCCCC(CC)C1CC(=O)N1C,1.06,4.65
[Li+].[O-]S(=O)(=O)C(F)(F)F,COC(=O)CCC1CCCCCC1C,0.43,11.26
[Li+].[O-]S(=O)(=O)C(F)(F)F,CCC(CC(C)=O)C(=O)CC(F)F,0.83,5.79
[Li+].[N-](C#N)C#N,COC(C)CC1CCCC12CCC2,1.06,4.94
[Li+].[N-](C#N)C#N,CCCC12CC(C)C1CC(=O)O2,0.74,7.78
[Li+].[N-](C#N)C#N,CCC(C#N)CS(=O)(=O)CC,1.41,3.8
[Li+].[N-](C#N)C#N,CCCC(=O)C(CC)CC(C)(C)F,0.83,6.17
[Li+].[N-](C#N)C#N,CCCC(=O)C(C)C(=O)CC(C)=O,1.37,3.73
[Li+].[N-](C#N)C#N,CC(=O)C1CC2CCCC(C2)C1=O,1.5,3.46
[Li+].[N-](C#N)C#N,CC1CCC2(CCC(=O)O2)C1(C)C,0.7,7.6
[Li+].[N-](C#N)C#N,CCCCCCC(=O)CC(C)CCC,0.61,8.05
[Li+].[N-](C#N)C#N,CC(=O)CCCCC(C)CC(C)=O,1.23,4.18
[Li+].[N-](C#N)C#N,CC(=O)C1(CC(C)C(C)C)CCCC1,0.92,5.32
[Li+].[N-](C#N)C#N,CCC(C)C(=O)CCC(C)C(C)(C)C,0.34,14.61
[Li+].[N-](C#N)C#N,CCC1(C(C)(C)C)OOC1=O,1.01,5.99
[Li+].[N-](C#N)C#N,COC(=O)C1CCCC(C(C)C)C1C,0.74,6.6
[Li+].[N-](C#N)C#N,CCC1C2CC3CC1(CC3C#N)C2=O,1.5,3.3
[Li+].[N-](C#N)C#N,CC(=O)CC(C(C)=O)C(=O)C(C)=O,1.28,4.01
[Li+].[N-](C#N)C#N,CC1=C[C@H](F)C=CO1,0.61,13.99
[Li+].[N-](C#N)C#N,CC(C)(CS(=O)(=O)F)C1CC1,0.3,18.26
[Li+].[N-](C#N)C#N,COC(=O)OCCOC(C)F,0.79,7.36
[Li+].[N-](C#N)C#N,CC(CS(C)(=O)=O)C(F)CF,0.34,15.56
[Li+].[N-](C#N)C#N,CCCOC(=O)C(C)C1CCC1CC,1.06,4.54
[Li+].[N-](C#N)C#N,CC1C(=O)C(C#N)CC2CCCC21,0.52,10.61
[Li+].[N-](C#N)C#N,CC1CC(C)(C#N)C(=O)C2(C)CC12,1.46,3.62
[Li+].[N-](C#N)C#N,CC1CN2C(C)C3OC(=O)OC3C12,0.92,5.7
[Li+].[N-](C#N)C#N,CSCCC(=O)CSC,0.79,7.44
[Li+].[N-](C#N)C#N,CCC1CCCCC(CC)C(=O)O1,0.52,10.2
[Li+].[C-](C#N)(C#N)C#N,CCCCC(OC(C)=O)C(C)(C)F,1.23,3.97
[Li+].[C-](C#N)(C#N)C#N,CC(=O)C1CC2(C(C)=O)CC2C1C,1.06,4.92
[Li+].[C-](C#N)(C#N)C#N,CC1CC(C)(C)C(C)(C)CC1=O,0.34,17.14
[Li+].[C-](C#N)(C#N)C#N,CCC1C(=O)OC(C)C(C)C1C,0.74,7.6
[Li+].[C-](C#N)(C#N)C#N,CC(=O)OCP,1.23,7.13
[Li+].[C-](C#N)(C#N)C#N,COCCC(C(C)C)C(C)C,1.5,3.85
[Li+].[C-](C#N)(C#N)C#N,FCC1OCCO1,1.41,6.15
[Li+].[C-](C#N)(C#N)C#N,CCOC(=O)C(CC(C)=O)C1CC1C,0.88,5.44
[Li+].[C-](C#N)(C#N)C#N,CCC(C)C(=O)CCC(C)(C)C(C)=O,1.14,4.14
[Li+].[C-](C#N)(C#N)C#N,COC(=O)OC(CC(C)C)N(C)C,1.28,3.83
[Li+].[C-](C#N)(C#N)C#N,CCS(=O)(=O)CCCC(C)(C)F,1.14,4.18
[Li+].[C-](C#N)(C#N)C#N,CCCCC(OC)C(CC)CC,0.7,7.96
[Li+].[C-](C#N)(C#N)C#N,COC(=O)C1(C)CCCC(=O)C1C,0.7,7.44
[Li+].[C-](C#N)(C#N)C#N,CC1COCCCC1(C)C,0.57,11.93
[Li+].[C-](C#N)(C#N)C#N,CCCOCCC1CC(C)CCC1C,0.79,6.09
[Li+].[C-](C#N)(C#N)C#N,CCC1C(OC(C)=O)OC(=O)C1C#N,1.5,3.09
[Li+].[C-](C#N)(C#N)C#N,CCCC(C)CC(=O)OC(C)=O,0.7,7.96
[Li+].[C-](C#N)(C#N)C#N,COC(=O)C(C)CC(C)(C)C(C)C,0.43,12.18
[Li+].[C-](C#N)(C#N)C#N,COC(=O)OCCOC(C)F,1.06,5.33
[Li+].[C-](C#N)(C#N)C#N,CC(=O)CC(C(C)=O)C(=O)C(C)=O,1.41,3.54
[Li+].[C-](C#N)(C#N)C#N,CCC(P)CCC(C)=O,0.83,7.85
[Li+].[C-](C#N)(C#N)C#N,CC1CC(OC=O)CCC2(C)CC2C1,1.46,3.2
[Li+].[C-](C#N)(C#N)C#N,CCCC(C)C(C)CCC(=O)CC#N,1.37,3.45
[Li+].[C-](C#N)(C#N)C#N,CCC(CC)OC1CC(=O)CC1CC,0.34,14.54
[Li+].[C-](C#N)(C#N)C#N,CCCCC(=O)C(C)(C)C(C)CC,0.43,12.31
[Li+].[O-][N+](=O)=O,COCS(=O)(=O)C(C)(C)C,0.79,7.37
[Li+].[O-][N+](=O)=O,COC(=O)OC1CCCC(C)C1,0.83,6.76
[Li+].[O-][N+](=O)=O,COC(=O)C(C)C(C)S(=O)(=O)F,0.92,5.28
[Li+].[O-][N+](=O)=O,CCCC(C)C(C)CCC(=O)CC#N,0.7,7.11
[Li+].[O-][N+](=O)=O,FCC1OCCO1,1.41,6.3
[Li+].[O-][N+](=O)=O,CC1(C)CCCCCS(=O)(=O)C1,1.19,4.2
[Li+].[O-][N+](=O)=O,COC(=O)OCC1C2CCCC1C2,0.3,17.87
[Li+].[O-][N+](=O)=O,CCC12CC3CC4COC3C(C1)C42,0.92,5.87
[Li+].[O-][N+](=O)=O,CC1CC(C)(C)C(=O)CC1C(C)(C)C,1.19,4.07
[Li+].[O-][N+](=O)=O,CCCCCOC(=O)C(C)C,1.32,4.53
[Li+].[O-][N+](=O)=O,CC(C)CCOC(=O)C(C)(C)F,0.52,10.68
[Li+].[O-][N+](=O)=O,CCCC1(C)CC(CC)C(=O)C1C,1.19,4.39
[Li+].[O-][N+](=O)=O,CCCCC(C)OC(=O)OCC,1.32,4.12
[Li+].[O-][N+](=O)=O,CCC(C)CC1(CC(=O)OC)CC1,1.46,3.5
[Li+].[O-][N+](=O)=O,CC(=O)C(C)(C)C(C)C#N,1.46,4.63
[Li+].[O-][N+](=O)=O,CCCC(CC)COC(=O)OCC,1.1,4.61
[Li+].[O-][N+](=O)=O,CC1CC2C3C(C)(C)CCC23O1,0.92,6.29
[Li+].[O-][N+](=O)=O,CCC1CCC2OC(=O)OC12,1.32,4.59
[Li+].[O-][N+](=O)=O,COC(=O)OCCCSSC,1.41,3.41
[Li+].[O-][N+](=O)=O,COC1C(C(C)=O)C2CCC3CC31C2,0.39,12.99
[Li+].[O-][N+](=O)=O,CCC1(C)CC(=O)CCC1(C)C,1.23,4.59
[Li+].[O-][N+](=O)=O,CCS(=O)(=O)CCCC(C)(C)F,1.41,3.41
[Li+].[O-][N+](=O)=O,CC1CC2CCCC3(CCCC3=O)C12,1.1,4.52
[Li+].[O-][N+](=O)=O,CCC1C2C(C)C(=O)CCCC12OC,0.97,5.05
[Li+].[O-][N+](=O)=O,CCC1C(C)CC12CCS2(=O)=O,0.7,7.37
[Li+].CC(=O)[O-],CC1C(=O)C2CCCC2C1=O,0.74,8.62
[Li+].CC(=O)[O-],CCCC(C)N(CC)CC(=O)CC,0.57,9.26
[Li+].CC(=O)[O-],CCCC(C(=O)CC)C(CC)C(C)C,1.06,4.56
[Li+].CC(=O)[O-],CCC1COC(C)C2CCC2C1C,0.57,9.41
[Li+].CC(=O)[O-],CCCCCC(F)C(=O)CN(C)C,0.92,5.54
[Li+].CC(=O)[O-],CC1C2CCC(C)(C)C1OC(=O)O2,0.34,15.75
[Li+].CC(=O)[O-],CC1(C(F)F)CCCC1=O,1.46,4.36
[Li+].CC(=O)[O-],CCC(CC)OC1CC(=O)CC1CC,0.48,10.31
[Li+].CC(=O)[O-],CCCC(=O)OC1CCC(CC)C1,0.34,15.75
[Li+].CC(=O)[O-],CCCCC(=O)C(C)(C)C(C)CC,1.46,3.51
[Li+].CC(=O)[O-],COc1cc(-c2ccccc2)c[nH]1,1.5,3.62
[Li+].CC(=O)[O-],CN(C)C(=O)CC1(C)CC2CC1C2,1.5,3.46
[Li+].CC(=O)[O-],CCCC(=O)C(C#N)C(CC)CC,0.97,5.47
[Li+].CC(=O)[O-],COC(=O)OC(CC(C)C)N(C)C,0.3,17.41
[Li+].CC(=O)[O-],CCCCC(=O)OCCC(C)C,0.74,7.62
[Li+].CC(=O)[O-],CCCOCCC1CC(C)CCC1C,1.01,4.8
[Li+].CC(=O)[O-],CCCC(C(C)C)C(C)C(=O)OC,1.32,3.86
[Li+].CC(=O)[O-],CC1C(CS(C)(=O)=O)C1(C)C,1.19,4.55
[Li+].CC(=O)[O-],CC(C)(C)CC1CCS1(=O)=O,1.37,3.92
[Li+].CC(=O)[O-],CCCCC(=O)C(C)(C)C(C)C,0.83,6.85
[Li+].CC(=O)[O-],CC(CC1CCC1)C(=O)Cl,0.66,9.19
[Li+].CC(=O)[O-],CC(=O)OC1(C)CCCC(C)(C)C1C,0.7,7.01
[Li+].CC(=O)[O-],CCC1CCCCC1C(=O)OC(C)C,0.97,5.0
[Li+].CC(=O)[O-],CCC12CC1OC(=O)CCCCC2C,0.83,5.94
[Li+].CC(=O)[O-],CCCCC(=O)CCC(C)(C)C#N,0.48,11.28
[Li+].[O-]C(=O)C(F)(F)F,CCC(=O)N1CCCCC1Cl,1.19,4.38
[Li+].[O-]C(=O)C(F)(F)F,CCC(=O)C(CCC(C)C)OC,1.28,4.13
[Li+].[O-]C(=O)C(F)(F)F,CC1CC2CCC(C)C(C2)C1=O,0.39,15.0
[Li+].[O-]C(=O)C(F)(F)F,CC1COCCCC1(C)C,0.7,9.55
[Li+].[O-]C(=O)C(F)(F)F,CC(=O)CCCC(C)C(C)(C)C#N,0.88,5.88
[Li+].[O-]C(=O)C(F)(F)F,CCCC1CC1(C)C(=O)C#N,0.7,8.98
[Li+].[O-]C(=O)C(F)(F)F,CC1CC(C)(C#N)C(=O)C2(C)CC12,1.41,3.6
[Li+].[O-]C(=O)C(F)(F)F,CCC(CC)CC(=O)C(C)CC,0.3,19.16
[Li+].[O-]C(=O)C(F)(F)F,COC(=O)CC1(CC(C)C)CCC1,1.28,3.86
[Li+].[O-]C(=O)C(F)(F)F,CCC1(OC(=O)OC)CCC(C)C1,1.19,4.13
[Li+].[O-]C(=O)C(F)(F)F,CCC(CC(C)=O)C(=O)CC(F)F,0.97,5.0
[Li+].[O-]C(=O)C(F)(F)F,CCC(CCC(C)C(C)C)OC,0.7,7.88
[Li+].[O-]C(=O)C(F)(F)F,CCCC1SOC(C)(C)C1C,0.83,6.51
[Li+].[O-]C(=O)C(F)(F)F,CCCCC(CC)C1CC(=O)N1C,0.57,9.19
[Li+].[O-]C(=O)C(F)(F)F,CCCC(C)(C)CC(=O)C(C)C(C)C,0.79,6.03
[Li+].[O-]C(=O)C(F)(F)F,CCC1COC(C)C2CCC2C1C,0.39,13.68
[Li+].[O-]C(=O)C(F)(F)F,CCC1OC(=O)CCC1C(C)C,1.23,4.36
[Li+].[O-]C(=O)C(F)(F)F,CCC1CCC2C3CCC3OC(=O)C12,1.19,3.96
[Li+].[O-]C(=O)C(F)(F)F,CCCC(CCC(F)F)C(=O)OC,1.06,4.49
[Li+].[O-]C(=O)C(F)(F)F,CCCC(=O)CC(CC#N)C(C)(C)C,0.3,16.71
[Li+].[O-]C(=O)C(F)(F)F,CC(F)C(=O)C1(C)CCCO1,1.23,4.63
[Li+].[O-]C(=O)C(F)(F)F,COC(=O)CCC1CCCCCC1C,0.83,5.72
[Li+].[O-]C(=O)C(F)(F)F,CC(=O)C1CC2CCCC(C2)C1=O,1.19,4.27
[Li+].[O-]C(=O)C(F)(F)F,CCC1C(COC)C2C3CC3CC12C,1.23,3.82
[Li+].[O-]C(=O)C(F)(F)F,CC(=O)C1C2CC3CC(C2)CC1C3,0.92,5.7
[Li+].CCC(=O)[O-],CS(=O)(=O)CCCC1CCC1,1.46,3.62
[Li+].CCC(=O)[O-],CC1CC(C)(C)C(C)(C)CC1=O,1.5,3.68
[Li+].CCC(=O)[O-],CCOC(=O)CC1CC1C1CCCC1,1.1,4.39
[Li+].CCC(=O)[O-],CC1CC2C3C(C)(C)CCC23O1,0.52,11.28
[Li+].CCC(=O)[O-],CCC1CCC(Cl)C1C(C)=O,1.5,3.55
[Li+].CCC(=O)[O-],CCCC(F)C(=O)CC,1.32,5.38
[Li+].CCC(=O)[O-],CCC1OC(=O)CCC1C(C)C,0.88,6.4
[Li+].CCC(=O)[O-],COC(=O)CC1CCCCCC(C)C1,0.97,4.96
[Li+].CCC(=O)[O-],CC12CC3C4CCC35CC(C1CO5)C42,0.34,15.21
[Li+].CCC(=O)[O-],CCCCC(=O)OCCC(C)C,0.57,9.91
[Li+].CCC(=O)[O-],CC1C(=O)C2CCCC2C1=O,0.92,6.83
[Li+].CCC(=O)[O-],CCCC(=O)C(C)C(C)(C)C,0.61,10.19
[Li+].CCC(=O)[O-],CC12CCCC1(C)C(C(=O)C#N)CC2,0.66,7.68
[Li+].CCC(=O)[O-],CC1CCC12CC2C(=O)OC1(C)CC1,0.61,8.2
[Li+].CCC(=O)[O-],CCCCC(C)C(=O)C1CO1,0.57,10.93
[Li+].CCC(=O)[O-],COC1=CSC=CC1,0.57,13.32
[Li+].CCC(=O)[O-],CC(=O)C1CC(C)CCC1C,0.3,21.3
[Li+].CCC(=O)[O-],CCC(=O)N1CCCCC1Cl,0.52,10.68
[Li+].CCC(=O)[O-],CC1C(=O)C(C#N)CC2CCCC21,0.88,6.15
[Li+].CCC(=O)[O-],CCC1CC(C)C1C(C)CCOC,1.46,3.46
[Li+].CCC(=O)[O-],CCCCC(C)OC(=O)OCC,1.46,3.66
[Li+].CCC(=O)[O-],CC(=O)C1CCCS(=O)(=O)C1,0.61,9.03
[Li+].CCC(=O)[O-],CCCC1(CC)C(COC)C1(C)C,0.79,6.61
[Li+].CCC(=O)[O-],CCCCC(=O)C(C)(C)C(C)CC,1.46,3.46
[Li+].CCC(=O)[O-],CCC1C2C(C)C(=O)CCCC12OC,0.88,5.55
[Li+].[O-]C(=O)c1ccccc1,CSCC(C(=O)F)C(C)C(C)C,0.92,5.26
[Li+].[O-]C(=O)c1ccccc1,CCS(=O)(=O)CC(C)CCCl,1.19,3.85
[Li+].[O-]C(=O)c1ccccc1,CCC(=O)C(C)C1SCCS1,1.14,4.21
[Li+].[O-]C(=O)c1ccccc1,CCCCC(=O)C(C)C(C)OC,0.7,7.86
[Li+].[O-]C(=O)c1ccccc1,COC1C(C(C)=O)C2CCC3CC31C2,1.19,3.94
[Li+].[O-]C(=O)c1ccccc1,CCOC(=O)OCCCS(C)=O,0.92,5.21
[Li+].[O-]C(=O)c1ccccc1,CC(=O)C1CCCS(=O)(=O)C1,1.41,3.6
[Li+].[O-]C(=O)c1ccccc1,CC(=O)CCCC(C)C(C)(C)C#N,0.57,9.26
[Li+].[O-]C(=O)c1ccccc1,CC(=O)C1C2CC3CC(C2)CC1C3,1.14,4.5
[Li+].[O-]C(=O)c1ccccc1,CCCCCS(=O)(=O)CC,0.52,11.25
[Li+].[O-]C(=O)c1ccccc1,CCCCC1C(C)C1CC(C)=O,0.34,17.03
[Li+].[O-]C(=O)c1ccccc1,CCC12CC3CC4COC3C(C1)C42,1.37,3.67
[Li+].[O-]C(=O)c1ccccc1,CCN1C(C)CC(=O)C12CC2C,0.52,11.05
[Li+].[O-]C(=O)c1ccccc1,COC(=O)C1CC(C)(F)CC1CF,1.5,3.08
[Li+].[O-]C(=O)c1ccccc1,CCC1CC(C)C1C(C)CCOC,0.48,10.89
[Li+].[O-]C(=O)c1ccccc1,CCC1CCCC(=O)C1Cl,1.01,5.69
[Li+].[O-]C(=O)c1ccccc1,CC1C2C(=O)C(=O)C(CC(C)(C)C)C12,0.83,5.81
[Li+].[O-]C(=O)c1ccccc1,CCC(C)CC(C)=O,1.37,5.73
[Li+].[O-]C(=O)c1ccccc1,CC(=O)C(C(C)=O)C1CC1C,0.52,11.98
[Li+].[O-]C(=O)c1ccccc1,CCC12CC(CCCCC1=O)C2,0.34,17.24
[Li+].[O-]C(=O)c1ccccc1,CC(=O)CCCCCCC(=O)C(C)=O,0.57,8.47
[Li+].[O-]C(=O)c1ccccc1,CCCCC(OC)C(CC)CC,0.79,6.91
[Li+].[O-]C(=O)c1ccccc1,CCC1(OOC)CC1C,0.57,12.9
[Li+].[O-]C(=O)c1ccccc1,CC1CCC(C)C12C(=O)CCCC2=O,0.7,6.97
[Li+].[O-]C(=O)c1ccccc1,CC1CC(CC(=O)C#N)C1,0.92,7.37
[Li+].[O-]C=O,CCCCC(C)C(C)SOC,1.06,5.18
[Li+].[O-]C=O,CCCCC(C)CC(=O)CC,0.92,6.76
[Li+].[O-]C=O,CCC1(C(C)(C)C)OOC1=O,1.23,4.95
[Li+].[O-]C=O,COCCC(C(C)C)C(C)C,1.06,5.77
[Li+].[O-]C=O,CCC(CC)(OC(C)=O)SC,0.52,10.74
[Li+].[O-]C=O,CCCCC(C)(CC)CCC(C)=O,1.01,5.21
[Li+].[O-]C=O,CCCC(CC)COC(=O)OCC,1.46,3.48
[Li+].[O-]C=O,CCOC(C)OC(=O)OC,0.52,12.77
[Li+].[O-]C=O,CCCCCC(=O)OC(C)CCC,0.52,10.16
[Li+].[O-]C=O,CCCCC(C)C(=O)OOCF,1.46,3.67
[Li+].[O-]C=O,COC(=O)CC1(CC(C)C)CCC1,1.06,4.95
[Li+].[O-]C=O,CSC1(C)CCC(=O)C(C)C1,0.7,8.11
[Li+].[O-]C=O,CCCC(C)C(C)CCC(=O)CC#N,0.61,8.24
[Li+].[O-]C=O,CCCC1SOC(C)(C)C1C,1.14,4.86
[Li+].[O-]C=O,CC1CC2CCC(C)C(C2)C1=O,0.97,6.02
[Li+].[O-]C=O,CC(=O)CCC(C)(C)C(C)C(C)C,0.7,7.58
[Li+].[O-]C=O,CCCC(C)C(C)S(=O)(=O)F,1.41,3.72
[Li+].[O-]C=O,CCCC(C(C)(C)C)C1(CC)OO1,0.79,6.63
[Li+].[O-]C=O,CCC(SC)C(=O)OC(C)C,0.88,6.27
[Li+].[O-]C=O,CCCCC(C)S(=O)(=O)Cl,0.88,5.99
[Li+].[O-]C=O,COC(=O)C1CCCC(C(C)C)C1C,0.34,14.68
[Li+].[O-]C=O,CC(=O)CC1CC1C1CC(C)C2CC21,0.66,7.72
[Li+].[O-]C=O,CCC(C#N)CS(=O)(=O)CC,1.23,4.46
[Li+].[O-]C=O,CCC(C(=O)OC)S(=O)(=O)CC,0.48,10.57
[Li+].[O-]C=O,CCCCCC(F)C(=O)CN(C)C,0.48,10.85
[Li+].COS(=O)(=O)[O-],CCCC12CC(C)C1CC(=O)O2,1.06,5.19
[Li+].COS(=O)(=O)[O-],CCC1CC(C)C1C(C)CCOC,1.1,4.56
[Li+].COS(=O)(=O)[O-],CCCCC(C)OC(=O)OCC,0.43,12.95
[Li+].COS(=O)(=O)[O-],CC1CCC2(CCC(=O)O2)C1(C)C,1.23,4.08
[Li+].COS(=O)(=O)[O-],CCC1CCC2OC(=O)OC12,1.5,3.82
[Li+].COS(=O)(=O)[O-],CCS(=O)(=O)CC(C)CCCl,0.66,7.28
[Li+].COS(=O)(=O)[O-],CCCC(C)C1OC(=O)C1C,1.32,4.4
[Li+].COS(=O)(=O)[O-],CSCCC(=O)CSC,0.97,5.85
[Li+].COS(=O)(=O)[O-],CCC1CC(C)(CC)C(=O)CC1(C)C,0.39,12.71
[Li+].COS(=O)(=O)[O-],CC12CCC3CCC(C1)C2COC3,0.7,7.54
[Li+].COS(=O)(=O)[O-],CC(=O)CC1CC1C1CC(C)C2CC21,0.88,5.55
[Li+].COS(=O)(=O)[O-],COc1cc(-c2ccccc2)c[nH]1,0.79,6.91
[Li+].COS(=O)(=O)[O-],CCCCC1C(C)C1CC(C)=O,0.7,8.08
[Li+].COS(=O)(=O)[O-],CCC(C(=O)OC)S(=O)(=O)CC,1.19,3.97
[Li+].COS(=O)(=O)[O-],CC1C(=O)C2CCCC2C1=O,1.41,4.2
[Li+].COS(=O)(=O)[O-],CC(=O)C1CC2CCCC(C2)C1=O,0.57,9.35
[Li+].COS(=O)(=O)[O-],CC(=O)C1(CC(C)C(C)C)CCCC1,0.83,5.78
[Li+].COS(=O)(=O)[O-],COCC1C2C(C)C2C(C)CC1(C)C,1.46,3.13
[Li+].COS(=O)(=O)[O-],CCCC1CC(=O)C(C(C)C)C1(C)C,0.52,9.44
[Li+].COS(=O)(=O)[O-],CC1CC2CC(C2)C(C)C(=O)OC1C,0.3,16.63
[Li+].COS(=O)(=O)[O-],CC1CC(CC(=O)C#N)C1,1.19,5.62
[Li+].COS(=O)(=O)[O-],CC(C)C(C)OC(C)C(F)(F)F,0.92,5.52
[Li+].COS(=O)(=O)[O-],CCC1C(OC(C)=O)OC(=O)C1C#N,0.52,9.4
[Li+].COS(=O)(=O)[O-],CCOC(=O)OCOCC(C)Cl,0.88,5.43
[Li+].COS(=O)(=O)[O-],CCC1CC2C(OC)CC(C)C2(C)C1,1.32,3.5
[Li+].[S-]C#N,CCCOCCC1CC(C)CCC1C,1.01,4.8
[Li+].[S-]C#N,CCC(C)OC(=O)CSC,0.48,12.6
[Li+].[S-]C#N,CC(C)(CS(=O)(=O)F)C1CC1,0.7,7.71
[Li+].[S-]C#N,CC1C(=O)C2CCCC2C1=O,0.48,13.44
[Li+].[S-]C#N,CCC(C#N)CS(=O)(=O)CC,0.34,16.56
[Li+].[S-]C#N,CC(F)C(=O)C1(C)CCCO1,1.37,4.32
[Li+].[S-]C#N,CCC(CC)OP(=O)(Cl)CC,0.74,6.61
[Li+].[S-]C#N,CC1C(=O)C2CCCC(C)(C2)C1(C)C,0.61,8.24
[Li+].[S-]C#N,CC(C)(C)c1ccc2c(c1)ON(F)O2,1.23,3.93
[Li+].[S-]C#N,CC1CC(C)(C)C(C)(C)CC1=O,0.52,11.2
[Li+].[S-]C#N,CCCC1CC(=O)C(C(C)C)C1(C)C,0.3,16.78
[Li+].[S-]C#N,CCC(=O)C(CCC(C)C)OC,0.83,6.77
[Li+].[S-]C#N,CC1CC(C)(C#N)C(=O)C2(C)CC12,1.28,4.19
[Li+].[S-]C#N,CCCC(C(C)(C)C)C1(CC)OO1,1.1,4.67
[Li+].[S-]C#N,CC(=O)C(C)C1CC(C)C(C)C1,1.32,4.27
[Li+].[S-]C#N,CCCCCC(=O)OC(C)CCC,0.7,7.46
[Li+].[S-]C#N,CC1CCC(=O)CC(=O)C12CCCC2,1.28,3.82
[Li+].[S-]C#N,CCN(C)S(=O)(=O)CC(C)C,0.66,8.24
[Li+].[S-]C#N,CCC1(C)CC2C(C)C2C1C(=O)OC,0.97,5.06
[Li+].[S-]C#N,CCC1CCCCC1C(=O)OC(C)C,1.32,3.63
[Li+].[S-]C#N,CC(=O)C1CC2CCCC(C2)C1=O,0.57,9.52
[Li+].[S-]C#N,CSC1(C)CCC(=O)C(C)C1,0.66,8.57
[Li+].[S-]C#N,CCCCC(=O)C(C)(C)C(C)C,1.41,3.94
[Li+].[S-]C#N,CC1CC(CC(=O)C#N)C1,1.37,5.04
[Li+].[S-]C#N,CC1(C)CCCCCS(=O)(=O)C1,1.41,3.53
[Li+].[Br-],CCCC(=O)C(C)C(=O)CC(C)=O,0.48,11.03
[Li+].[Br-],CC(=O)C1C2CCC(CSC2)C1C,0.43,11.47
[Li+].[Br-],CC(=O)CC(=O)C1(C)CC1C,1.23,4.94
[Li+].[Br-],CC(=O)CCC1CCC(C)O1,1.41,4.21
[Li+].[Br-],CCC1C2C(C)C(=O)CCCC12OC,1.37,3.46
[Li+].[Br-],CCN(C)S(=O)(=O)CC(C)C,0.83,6.44
[Li+].[Br-],CCCOC(=O)OC(C)N(C)CC,1.1,4.53
[Li+].[Br-],CS(=O)(=O)C1CCCCC1,1.37,4.18
[Li+].[Br-],CCCC(C)C(C)(C)CCC(C)=O,1.1,4.65
[Li+].[Br-],CCC(C)CC(C)=O,0.43,19.92
[Li+].[Br-],CCC1(C)CC(=O)CCC1(C)C,0.57,10.12
[Li+].[Br-],CC12CCCC1(C)C(C(=O)C#N)CC2,0.79,6.35
[Li+].[Br-],CCCC1C(CC)OCC1C1(C)CC1,0.52,9.53
[Li+].[Br-],CCCCC(=O)C(C)C(C)OC,0.3,19.05
[Li+].[Br-],CCC(CC(C)(F)F)C(=O)CC#N,1.23,4.03
[Li+].[Br-],CCCCC(C)C(C)SOC,0.92,5.87
[Li+].[Br-],CCC(C)CC1(CC(=O)OC)CC1,0.34,15.68
[Li+].[Br-],CCC(=O)CC1OC(=O)C1C1CC1,1.28,4.01
[Li+].[Br-],COC(=O)C(C)C(C)S(=O)(=O)F,0.7,6.95
[Li+].[Br-],CCC1COC(C)C2CCC2C1C,0.61,8.71
[Li+].[Br-],CC1CC2C3C(C)(C)CCC23O1,1.28,4.39
[Li+].[Br-],COC1=CSC=CC1,0.57,13.29
[Li+].[Br-],CC12CCC3CCC(C1)C2COC3,0.48,11.27
[Li+].[Br-],CC1CCC(=O)CC(=O)C12CCCC2,0.43,11.71
[Li+].[Br-],CCC1CCCCC1C(=O)OC(C)C,0.74,6.56
[Li+].[Cl-],CC(=O)C1CC2CCCC(C2)C1=O,0.97,5.58
[Li+].[Cl-],CCCCCC(=O)OC(C)CCC,0.52,10.19
[Li+].[Cl-],CS(=O)(=O)CCCC1CCC1,0.88,6.3
[Li+].[Cl-],CCC(=O)C1(C)CC(C)CCCC1C,0.43,11.72
[Li+].[Cl-],CCCCCC(C)C(=O)OCCC,0.39,13.63
[Li+].[Cl-],CCCCC(OC(C)=O)C(C)(C)F,1.06,4.83
[Li+].[Cl-],CCCC1CC(=O)C(C(C)C)C1(C)C,0.57,8.81
[Li+].[Cl-],COC(=O)OCC(=O)C(=O)C(C)C,0.92,5.64
[Li+].[Cl-],CC1CCC(C)C12C(=O)CCCC2=O,0.66,7.67
[Li+].[Cl-],CCC(C)C(=O)C1(C#N)CC1,0.3,21.88
[Li+].[Cl-],CCC(C)C1CCC(CCOC)C1,0.61,8.76
[Li+].[Cl-],CCCC1C2CCC(C)C(C)C12OC,1.32,3.73
[Li+].[Cl-],CCC12CC1OC(=O)CCCCC2C,1.1,4.5
[Li+].[Cl-],CC(=O)CCCCCCC(=O)C(C)=O,0.39,12.81
[Li+].[Cl-],CCCC(C)(C)CC(=O)C(C)C(C)C,0.79,6.26
[Li+].[Cl-],CCN(C)S(=O)(=O)CC(C)C,1.14,4.75
[Li+].[Cl-],CC1C2CC3CC14CC32CC4=O,1.41,4.22
[Li+].[Cl-],CC1CC2CCCC(C(C)C)(C1)C2=O,1.41,3.52
[Li+].[Cl-],CCS(=O)(=O)CCCC(C)(C)F,0.61,8.22
[Li+].[Cl-],CCC(P)CCC(C)=O,1.14,5.83
[Li+].[Cl-],CC1CC(C)(C)C(C)(C)CC1=O,0.34,17.33
[Li+].[Cl-],CCC(SC)C(=O)OC(C)C,1.06,5.21
[Li+].[Cl-],CCCCC1C(C)C1CC(C)=O,0.48,12.23
[Li+].[Cl-],CC1C(CS(C)(=O)=O)C1(C)C,0.34,16.54
[Li+].[Cl-],CCC1CCC(Cl)C1C(C)=O,0.7,8.04
[Li+].[O-]S(=O)(=O)c1ccc(C)cc1,CCCC(CC)COC(=O)OCC,0.74,6.62
[Li+].[O-]S(=O)(=O)c1ccc(C)cc1,CC(=O)OCP,1.5,5.3
[Li+].[O-]S(=O)(=O)c1ccc(C)cc1,COC(=O)C(=O)C(C)CC(C)Cl,1.28,3.51
[Li+].[O-]S(=O)(=O)c1ccc(C)cc1,CC(=O)CC(=O)C1(C)CC1C,1.41,3.92
[Li+].[O-]S(=O)(=O)c1ccc(C)cc1,CC(=O)C1CC(C)CCC1C,1.01,5.74
[Li+].[O-]S(=O)(=O)c1ccc(C)cc1,CCCCC(C)C(C)SOC,0.92,5.57
[Li+].[O-]S(=O)(=O)c1ccc(C)cc1,CC(C)(CS(=O)(=O)F)C1CC1,1.01,4.91
[Li+].[O-]S(=O)(=O)c1ccc(C)cc1,CCCC(C)C(C)CCC(=O)CC#N,1.14,3.95
[Li+].[O-]S(=O)(=O)c1ccc(C)cc1,CCC(CC)CC(=O)C(C)CC,0.92,5.77
[Li+].[O-]S(=O)(=O)c1ccc(C)cc1,CCC(CC)(OC(C)=O)SC,0.74,7.07
[Li+].[O-]S(=O)(=O)c1ccc(C)cc1,CCCC1(C)CC(=O)C12CCCC2C,0.79,5.97
[Li+].[O-]S(=O)(=O)c1ccc(C)cc1,COC(=O)CC1CCCCCC(C)C1,1.01,4.46
[Li+].[O-]S(=O)(=O)c1ccc(C)cc1,CC12CC3(C)CC(C1)(C2)S3(=O)=O,1.32,3.5
[Li+].[O-]S(=O)(=O)c1ccc(C)cc1,CC(=O)C1CC2(C(C)=O)CC2C1C,0.66,7.82
[Li+].[O-]S(=O)(=O)c1ccc(C)cc1,CC1CC(OC=O)CCC2(C)CC2C1,1.19,3.75
[Li+].[O-]S(=O)(=O)c1ccc(C)cc1,CCN1C(C)CC(=O)C12CC2C,1.37,3.74
[Li+].[O-]S(=O)(=O)c1ccc(C)cc1,CCC1CCCCC(CC)C(=O)O1,1.01,4.8
[Li+].[O-]S(=O)(=O)c1ccc(C)cc1,CC1C(=O)C2CCCC2C1=O,0.92,6.45
[Li+].[O-]S(=O)(=O)c1ccc(C)cc1,CCC1(OC(=O)OC)CCC(C)C1,1.1,4.32
[Li+].[O-]S(=O)(=O)c1ccc(C)cc1,CCCC1SOC(C)(C)C1C,0.39,14.11
[Li+].[O-]S(=O)(=O)c1ccc(C)cc1,CC1CC2CCCC(C(C)C)(C1)C2=O,0.83,5.66
[Li+].[O-]S(=O)(=O)c1ccc(C)cc1,CC1C(=O)C(C#N)CC2CCCC21,1.01,4.99
[Li+].[O-]S(=O)(=O)c1ccc(C)cc1,CCCCC(CC)C1CC(=O)N1C,0.66,7.69
[Li+].[O-]S(=O)(=O)c1ccc(C)cc1,COC(=O)C1(C)CCCC(=O)C1C,0.57,8.95
[Li+].[O-]S(=O)(=O)c1ccc(C)cc1,CC(=O)CCC1CC(=O)C1C(C)C,0.52,9.98
[Na+].[N-](S(=O)(=O)F)S(=O)(=O)F,CC1CCCC(C)S(=O)(=O)CC1,0.3,16.89
[Na+].[N-](S(=O)(=O)F)S(=O)(=O)F,CC(C)(C)CC1CCS1(=O)=O,1.28,3.75
[Na+].[N-](S(=O)(=O)F)S(=O)(=O)F,CCC(P)CCC(C)=O,1.14,5.18
[Na+].[N-](S(=O)(=O)F)S(=O)(=O)F,CCCCC(C(C)=O)C(Cl)Cl,0.48,9.96
[Na+].[N-](S(=O)(=O)F)S(=O)(=O)F,CCCOC(=O)OCCC(C)OC,1.1,4.15
[Na+].[N-](S(=O)(=O)F)S(=O)(=O)F,COC(=O)C1(C)CCCC(=O)C1C,0.74,6.69
[Na+].[N-](S(=O)(=O)F)S(=O)(=O)F,CC1CCC(=O)CC(=O)C12CCCC2,1.19,3.71
[Na+].[N-](S(=O)(=O)F)S(=O)(=O)F,COP(C)(=O)CC(=O)CC(C)C,1.19,3.75
[Na+].[N-](S(=O)(=O)F)S(=O)(=O)F,CCCC(C)CC(=O)OC(C)=O,0.39,14.19
[Na+].[N-](S(=O)(=O)F)S(=O)(=O)F,CC1=C[C@H](F)C=CO1,0.43,19.33
[Na+].[N-](S(=O)(=O)F)S(=O)(=O)F,CCC(C)C(=O)CCC(C)(C)C(C)=O,1.23,3.5
[Na+].[N-](S(=O)(=O)F)S(=O)(=O)F,CCCCCC1CC1C(=O)C(=O)C#N,1.01,4.51
[Na+].[N-](S(=O)(=O)F)S(=O)(=O)F,CC(CC1CCC1)C(=O)Cl,0.34,17.56
[Na+].[N-](S(=O)(=O)F)S(=O)(=O)F,CCC1OC(=O)CCC1C(C)C,0.52,10.59
[Na+].[N-](S(=O)(=O)F)S(=O)(=O)F,CCCC12CCOC1(CC)C2,0.34,18.29
[Na+].[N-](S(=O)(=O)F)S(=O)(=O)F,CC1CC(C)(C)C(C)(C)CC1=O,0.79,6.81
[Na+].[N-](S(=O)(=O)F)S(=O)(=O)F,CCC(=O)C(C)C(CC)SC#N,0.57,8.82
[Na+].[N-](S(=O)(=O)F)S(=O)(=O)F,COc1cc(-c2ccccc2)c[nH]1,1.19,4.16
[Na+].[N-](S(=O)(=O)F)S(=O)(=O)F,CCCCC(C)C(=O)C(C)(C#N)CC,0.3,16.46
[Na+].[N-](S(=O)(=O)F)S(=O)(=O)F,CCC1COC(C)C2CCC2C1C,0.61,8.34
[Na+].[N-](S(=O)(=O)F)S(=O)(=O)F,CCCCCC(=O)N(C=O)CCC,1.1,4.26
[Na+].[N-](S(=O)(=O)F)S(=O)(=O)F,CC(=O)CCCC(C)C(C)(C)C#N,0.34,15.57
[Na+].[N-](S(=O)(=O)F)S(=O)(=O)F,CCCC(F)C(=O)CC,0.34,21.35
[Na+].[N-](S(=O)(=O)F)S(=O)(=O)F,CC1C(CS(C)(=O)=O)C1(C)C,0.83,6.16
[Na+].[N-](S(=O)(=O)F)S(=O)(=O)F,CCC12CC(CCCCC1=O)C2,1.14,4.56
[Na+].[N-](S(=O)(=O)C(F)(F)F)S(=O)(=O)C(F)(F)F,CCCC(C)CC(C)S(C)(=O)=O,1.5,2.54
[Na+].[N-](S(=O)(=O)C(F)(F)F)S(=O)(=O)C(F)(F)F,CCCC(C(C)C)C(C)C(=O)OC,0.34,14.83
[Na+].[N-](S(=O)(=O)C(F)(F)F)S(=O)(=O)C(F)(F)F,CCCC(=O)C(C#N)C(CC)CC,1.23,3.5
[Na+].[N-](S(=O)(=O)C(F)(F)F)S(=O)(=O)C(F)(F)F,COC(=O)C(C)CS(C)(=O)=O,1.1,4.05
[Na+].[N-](S(=O)(=O)C(F)(F)F)S(=O)(=O)C(F)(F)F,CC(=O)CCCCCCC(=O)C(C)=O,1.32,2.92
[Na+].[N-](S(=O)(=O)C(F)(F)F)S(=O)(=O)C(F)(F)F,CC1CC2CCCC3(CCCC3=O)C12,0.39,12.41
[Na+].[N-](S(=O)(=O)C(F)(F)F)S(=O)(=O)C(F)(F)F,CC1(C)CCCCCS(=O)(=O)C1,0.61,7.68
[Na+].[N-](S(=O)(=O)C(F)(F)F)S(=O)(=O)C(F)(F)F,CCC1CCC2C3CCC3OC(=O)C12,0.66,6.88
[Na+].[N-](S(=O)(=O)C(F)(F)F)S(=O)(=O)C(F)(F)F,CCCCCC(F)C(=O)CN(C)C,0.74,6.2
[Na+].[N-](S(=O)(=O)C(F)(F)F)S(=O)(=O)C(F)(F)F,CCCC1(CC)OOOC1C,0.74,7.32
[Na+].[N-](S(=O)(=O)C(F)(F)F)S(=O)(=O)C(F)(F)F,COC1CCCC(C2CCC3CC32)C1,0.48,9.8
[Na+].[N-](S(=O)(=O)C(F)(F)F)S(=O)(=O)C(F)(F)F,COCC1C2C(C)C2C(C)CC1(C)C,1.5,2.49
[Na+].[N-](S(=O)(=O)C(F)(F)F)S(=O)(=O)C(F)(F)F,CC(F)C(=O)C1(C)CCCO1,0.97,5.32
[Na+].[N-](S(=O)(=O)C(F)(F)F)S(=O)(=O)C(F)(F)F,CCC(C)CC1(CC(=O)OC)CC1,0.57,8.55
[Na+].[N-](S(=O)(=O)C(F)(F)F)S(=O)(=O)C(F)(F)F,CCC(C)C1CCC(CCOC)C1,1.19,3.59
[Na+].[N-](S(=O)(=O)C(F)(F)F)S(=O)(=O)C(F)(F)F,CCC(=O)CCC(=O)OC(C)=O,0.66,7.76
[Na+].[N-](S(=O)(=O)C(F)(F)F)S(=O)(=O)C(F)(F)F,COC1C(C(C)=O)C2CCC3CC31C2,1.1,3.76
[Na+].[N-](S(=O)(=O)C(F)(F)F)S(=O)(=O)C(F)(F)F,CC1C2CC3CC14CC32CC4=O,1.01,5.0
[Na+].[N-](S(=O)(=O)C(F)(F)F)S(=O)(=O)C(F)(F)F,CC1COCCCC1(C)C,0.48,13.39
[Na+].[N-](S(=O)(=O)C(F)(F)F)S(=O)(=O)C(F)(F)F,CCC(C)C(OOC)C(C)C(C)C,0.66,7.1
[Na+].[N-](S(=O)(=O)C(F)(F)F)S(=O)(=O)C(F)(F)F,COC(=O)CC1(CC(C)C)CCC1,0.7,6.78
[Na+].[N-](S(=O)(=O)C(F)(F)F)S(=O)(=O)C(F)(F)F,CCCCCC(=O)N(C=O)CCC,0.57,8.51
[Na+].[N-](S(=O)(=O)C(F)(F)F)S(=O)(=O)C(F)(F)F,CC1=C[C@H](F)C=CO1,0.48,16.69
[Na+].[N-](S(=O)(=O)C(F)(F)F)S(=O)(=O)C(F)(F)F,CCCCC(OC(C)=O)C(C)(C)F,1.06,4.02
[Na+].[N-](S(=O)(=O)C(F)(F)F)S(=O)(=O)C(F)(F)F,CCC1(C)CC2C(C)C2C1C(=O)OC,1.46,2.58
[Na+].[N-](S(=O)(=O)C(F)(F)C(F)(F)F)S(=O)(=O)C(F)(F)C(F)(F)F,CCC(C)C(OOC)C(C)C(C)C,0.88,4.78
[Na+].[N-](S(=O)(=O)C(F)(F)C(F)(F)F)S(=O)(=O)C(F)(F)C(F)(F)F,CCC1C2C(C)C(=O)CCCC12OC,1.14,3.26
[Na+].[N-](S(=O)(=O)C(F)(F)C(F)(F)F)S(=O)(=O)C(F)(F)C(F)(F)F,CCCCC(C)C(=O)OOCF,0.92,4.77
[Na+].[N-](S(=O)(=O)C(F)(F)C(F)(F)F)S(=O)(=O)C(F)(F)C(F)(F)F,CC1COCC2(C1)C(=O)OCC2C#N,1.37,2.52
[Na+].[N-](S(=O)(=O)C(F)(F)C(F)(F)F)S(=O)(=O)C(F)(F)C(F)(F)F,CCCC(=O)C(C)C(C)C(C)C(C)C,1.06,3.56
[Na+].[N-](S(=O)(=O)C(F)(F)C(F)(F)F)S(=O)(=O)C(F)(F)C(F)(F)F,CCCCC(C(C)=O)C(Cl)Cl,0.34,13.72
[Na+].[N-](S(=O)(=O)C(F)(F)C(F)(F)F)S(=O)(=O)C(F)(F)C(F)(F)F,CCC1COC(C)C2CCC2C1C,0.52,9.25
[Na+].[N-](S(=O)(=O)C(F)(F)C(F)(F)F)S(=O)(=O)C(F)(F)C(F)(F)F,CC1(C(F)F)CCCC1=O,1.19,4.07
[Na+].[N-](S(=O)(=O)C(F)(F)C(F)(F)F)S(=O)(=O)C(F)(F)C(F)(F)F,CCC(CC)CC(=O)C(C)CC,0.7,7.0
[Na+].[N-](S(=O)(=O)C(F)(F)C(F)(F)F)S(=O)(=O)C(F)(F)C(F)(F)F,CCCCC(C)CC(=O)CC,1.5,2.75
[Na+].[N-](S(=O)(=O)C(F)(F)C(F)(F)F)S(=O)(=O)C(F)(F)C(F)(F)F,CCC12CC3CC4COC3C(C1)C42,0.34,15.17
[Na+].[N-](S(=O)(=O)C(F)(F)C(F)(F)F)S(=O)(=O)C(F)(F)C(F)(F)F,CCS(=O)(=O)CC(C)CCCl,0.48,9.29
[Na+].[N-](S(=O)(=O)C(F)(F)C(F)(F)F)S(=O)(=O)C(F)(F)C(F)(F)F,CC1CC(CC(=O)C#N)C1,0.7,8.68
[Na+].[N-](S(=O)(=O)C(F)(F)C(F)(F)F)S(=O)(=O)C(F)(F)C(F)(F)F,CCC(C(=O)OC)S(=O)(=O)CC,1.5,2.21
[Na+].[N-](S(=O)(=O)C(F)(F)C(F)(F)F)S(=O)(=O)C(F)(F)C(F)(F)F,COC(=O)OCCCSSC,0.79,5.24
[Na+].[N-](S(=O)(=O)C(F)(F)C(F)(F)F)S(=O)(=O)C(F)(F)C(F)(F)F,CCCC(F)C(=O)CC,1.5,3.25
[Na+].[N-](S(=O)(=O)C(F)(F)C(F)(F)F)S(=O)(=O)C(F)(F)C(F)(F)F,CC(=O)CC(C)CCOC(C)=O,0.61,8.14
[Na+].[N-](S(=O)(=O)C(F)(F)C(F)(F)F)S(=O)(=O)C(F)(F)C(F)(F)F,CN(C)C1=COC(C#N)=CO1,1.1,4.42
[Na+].[N-](S(=O)(=O)C(F)(F)C(F)(F)F)S(=O)(=O)C(F)(F)C(F)(F)F,CCOC(=O)OCCCS(C)=O,0.88,4.63
[Na+].[N-](S(=O)(=O)C(F)(F)C(F)(F)F)S(=O)(=O)C(F)(F)C(F)(F)F,CCCC1(C)CC(=O)C12CCCC2C,0.88,4.63
[Na+].[N-](S(=O)(=O)C(F)(F)C(F)(F)F)S(=O)(=O)C(F)(F)C(F)(F)F,COC(=O)C(C)CS(C)(=O)=O,0.61,7.78
[Na+].[N-](S(=O)(=O)C(F)(F)C(F)(F)F)S(=O)(=O)C(F)(F)C(F)(F)F,COC1=CSC=CC1,0.57,11.84
[Na+].[N-](S(=O)(=O)C(F)(F)C(F)(F)F)S(=O)(=O)C(F)(F)C(F)(F)F,CCCCC(C)(CC)CCC(C)=O,0.92,4.61
[Na+].[N-](S(=O)(=O)C(F)(F)C(F)(F)F)S(=O)(=O)C(F)(F)C(F)(F)F,CC1(C(=O)Cl)CCCC1CCl,0.39,11.93
[Na+].[N-](S(=O)(=O)C(F)(F)C(F)(F)F)S(=O)(=O)C(F)(F)C(F)(F)F,CCC(CC)(OC(C)=O)C(C)(C)C,0.7,6.4
[Na+].[B-](F)(F)(F)F,CC(C)C(=O)C(=O)C(C)(C)CC#N,0.52,10.25
[Na+].[B-](F)(F)(F)F,CC1CC(C)(C)C(=O)CC1C(C)(C)C,1.19,3.95
[Na+].[B-](F)(F)(F)F,CCCC1C2CCC(C)C(C)C12OC,1.32,3.53
[Na+].[B-](F)(F)(F)F,CCC(Cl)C(=O)C(C)=O,0.92,6.88
[Na+].[B-](F)(F)(F)F,CCCCCS(=O)(=O)CC,0.88,6.52
[Na+].[B-](F)(F)(F)F,COC1CCCC(C2CCC3CC32)C1,0.97,4.97
[Na+].[B-](F)(F)(F)F,CCCCC(C)OC(=O)OCC,1.5,3.46
[Na+].[B-](F)(F)(F)F,CC1C(=O)C(C#N)CC2CCCC21,0.92,5.77
[Na+].[B-](F)(F)(F)F,CCCC(F)C(=O)CC,1.01,7.0
[Na+].[B-](F)(F)(F)F,CC1CCCC(C)S(=O)(=O)CC1,1.32,3.64
[Na+].[B-](F)(F)(F)F,CC1CCC12CC2C(=O)OC1(C)CC1,1.28,3.69
[Na+].[B-](F)(F)(F)F,CCCCC(C(C)=O)C(Cl)Cl,0.97,4.9
[Na+].[B-](F)(F)(F)F,CCCC(C(C)C)C(C)C(=O)OC,0.34,15.44
[Na+].[B-](F)(F)(F)F,CC1COCCCC1(C)C,1.28,5.04
[Na+].[B-](F)(F)(F)F,CCC(=O)C(C)C(CC)SC#N,0.79,6.48
[Na+].[B-](F)(F)(F)F,CC(=O)CCCC1CCC(=O)C1C,0.97,5.3
[Na+].[B-](F)(F)(F)F,CC(CF)C1(CF)CCOC1,0.83,6.94
[Na+].[B-](F)(F)(F)F,CCCC(CC)OOC(=O)Cl,1.37,3.68
[Na+].[B-](F)(F)(F)F,CC1CCC2(CCC(=O)O2)C1(C)C,0.57,9.27
[Na+].[B-](F)(F)(F)F,COC(=O)OC(CC(C)C)N(C)C,0.92,5.4
[Na+].[B-](F)(F)(F)F,CN(C)C1=COC(C#N)=CO1,0.39,16.43
[Na+].[B-](F)(F)(F)F,CCCCCC(F)C(=O)CN(C)C,1.37,3.52
[Na+].[B-](F)(F)(F)F,CCCC(C)N(CC)CC(=O)CC,0.48,10.89
[Na+].[B-](F)(F)(F)F,CC(=O)CC1C(C)C2CCC1(C#N)C2,1.23,3.91
[Na+].[B-](F)(F)(F)F,CCCC(CCC(F)F)C(=O)OC,0.79,6.18
[Na+].F[P-](F)(F)(F)(F)F,COC(=O)CC1CCCCCC(C)C1,1.14,3.93
[Na+].F[P-](F)(F)(F)(F)F,CC(C)(C)CC1CCS1(=O)=O,1.01,5.06
[Na+].F[P-](F)(F)(F)(F)F,CCOC(C)OC(=O)OC,0.52,12.31
[Na+].F[P-](F)(F)(F)(F)F,COC1=CSC=CC1,0.43,17.37
[Na+].F[P-](F)(F)(F)(F)F,CCC(=O)C(CCC(C)C)OC,0.66,8.22
[Na+].F[P-](F)(F)(F)(F)F,CCCCC(=O)C(C)(C)C(C)CC,1.1,4.4
[Na+].F[P-](F)(F)(F)(F)F,CCCC(C(C)(C)C)C1(CC)OO1,0.92,5.3
[Na+].F[P-](F)(F)(F)(F)F,CCCOC(=O)OCOC,1.06,5.7
[Na+].F[P-](F)(F)(F)(F)F,COC(=O)OCC(=O)C(=O)C(C)C,0.57,8.8
[Na+].F[P-](F)(F)(F)(F)F,CCC(CC)(OC(C)=O)C(C)(C)C,0.61,8.27
[Na+].F[P-](F)(F)(F)(F)F,CC1CC2CC(C2)C(C)C(=O)OC1C,1.01,4.54
[Na+].F[P-](F)(F)(F)(F)F,CCCC(C)CC(=O)OC(C)=O,1.19,4.31
[Na+].F[P-](F)(F)(F)(F)F,CC(=O)N(OC(=O)OCF)C(C)=O,1.14,4.03
[Na+].F[P-](F)(F)(F)(F)F,CCCC1C2CCC(C)C(C)C12OC,1.41,3.11
[Na+].F[P-](F)(F)(F)(F)F,CCN(C)S(=O)(=O)CC(C)C,0.88,5.79
[Na+].F[P-](F)(F)(F)(F)F,CC1CCC(=O)C(C)(C)CC1C,1.46,3.48
[Na+].F[P-](F)(F)(F)(F)F,CCC(=O)CCC(=O)OC(C)=O,0.92,5.74
[Na+].F[P-](F)(F)(F)(F)F,CC12CC3(C)CC(C1)(C2)S3(=O)=O,0.61,8.27
[Na+].F[P-](F)(F)(F)(F)F,CC1(C(F)F)CCCC1=O,0.3,21.83
[Na+].F[P-](F)(F)(F)(F)F,CCC1(C(C)(C)C)OOC1=O,0.34,17.97
[Na+].F[P-](F)(F)(F)(F)F,CCCOC(=O)C(C)C1CCC1CC,1.28,3.44
[Na+].F[P-](F)(F)(F)(F)F,COC(=O)C(C)CC(C)CC(C)=O,0.74,6.73
[Na+].F[P-](F)(F)(F)(F)F,CCC(C)C(OOC)C(C)C(C)C,1.01,4.73
[Na+].F[P-](F)(F)(F)(F)F,CCOC(=O)OCCCS(C)=O,0.83,5.69
[Na+].F[P-](F)(F)(F)(F)F,CC(C)C(=O)C(=O)C(C)(C)CC#N,1.14,4.29
[Na+].[O-]Cl(=O)(=O)=O,CCC(=O)C(CCC(C)C)OC,0.7,7.87
[Na+].[O-]Cl(=O)(=O)=O,CCC1C(OC(C)=O)OC(=O)C1C#N,0.52,9.39
[Na+].[O-]Cl(=O)(=O)=O,CCCCCCC(=O)CC(C)CCC,1.28,3.58
[Na+].[O-]Cl(=O)(=O)=O,CCC(CC(C)(F)F)C(=O)CC#N,1.1,4.42
[Na+].[O-]Cl(=O)(=O)=O,CC12CCC3CCC(C1)C2COC3,0.52,10.27
[Na+].[O-]Cl(=O)(=O)=O,CCCC(=O)C(=O)OC,0.83,8.7
[Na+].[O-]Cl(=O)(=O)=O,CC(F)C(=O)C1(C)CCCO1,1.32,4.28
[Na+].[O-]Cl(=O)(=O)=O,COC(=O)C1(C)CCC12CCCC2,1.46,3.36
[Na+].[O-]Cl(=O)(=O)=O,COC(=O)C(C)CS(C)(=O)=O,0.92,5.63
[Na+].[O-]Cl(=O)(=O)=O,CC1C(=O)CCC2(C#N)C(C3CC3)C12,1.01,4.85
[Na+].[O-]Cl(=O)(=O)=O,CCCC(=O)C(C)C(C)C(C)C(C)C,1.5,3.0
[Na+].[O-]Cl(=O)(=O)=O,CC(=O)C(C)(C)C(C)C#N,0.52,13.3
[Na+].[O-]Cl(=O)(=O)=O,CCC(=O)N1CCCCC1Cl,0.52,10.54
[Na+].[O-]Cl(=O)(=O)=O,CS(=O)(=O)C1CCCCC1,1.1,5.16
[Na+].[O-]Cl(=O)(=O)=O,COC(=O)OCC1C2CCCC1C2,0.92,5.51
[Na+].[O-]Cl(=O)(=O)=O,COc1cc(-c2ccccc2)c[nH]1,1.19,4.44
[Na+].[O-]Cl(=O)(=O)=O,COC1CCCC(C2CCC3CC32)C1,1.37,3.39
[Na+].[O-]Cl(=O)(=O)=O,CC(=O)C1CCCS(=O)(=O)C1,0.3,18.51
[Na+].[O-]Cl(=O)(=O)=O,CCOC(C)=O,1.19,8.72
[Na+].[O-]Cl(=O)(=O)=O,CC(=O)OC1CCC(OC(C)=O)C1,0.52,9.94
[Na+].[O-]Cl(=O)(=O)=O,COC(=O)C(=O)C(C)CC(C)Cl,1.32,3.56
[Na+].[O-]Cl(=O)(=O)=O,CCC(CC)(OC(C)=O)C(C)(C)C,1.14,4.32
[Na+].[O-]Cl(=O)(=O)=O,CCC(=O)C(C)CS(=O)C(C)C,1.37,3.46
[Na+].[O-]Cl(=O)(=O)=O,CC1CCC(C)C12C(=O)CCCC2=O,0.3,16.79
[Na+].[O-]Cl(=O)(=O)=O,CCCC(CCC(F)F)C(=O)OC,0.39,12.83
[Na+].[O-]S(=O)(=O)C(F)(F)F,COc1cc(-c2ccccc2)c[nH]1,0.7,7.66
[Na+].[O-]S(=O)(=O)C(F)(F)F,CCOC(=O)C(C#N)(CC)CC(C)C,1.19,3.75
[Na+].[O-]S(=O)(=O)C(F)(F)F,CCCCCCC(=O)CC(C)CCC,0.34,14.32
[Na+].[O-]S(=O)(=O)C(F)(F)F,CCC1CCCC(=O)C1Cl,0.43,13.85
[Na+].[O-]S(=O)(=O)C(F)(F)F,CCN(C)S(=O)(=O)CC(C)C,0.88,5.77
[Na+].[O-]S(=O)(=O)C(F)(F)F,CCC12CC(CCCCC1=O)C2,0.92,5.93
[Na+].[O-]S(=O)(=O)C(F)(F)F,CC12CC3C4CCC35CC(C1CO5)C42,1.46,3.07
[Na+].[O-]S(=O)(=O)C(F)(F)F,CCCCCC1CC1C(=O)C(=O)C#N,1.19,3.82
[Na+].[O-]S(=O)(=O)C(F)(F)F,CCCC1C2CCC(C)C(C)C12OC,1.01,4.53
[Na+].[O-]S(=O)(=O)C(F)(F)F,CC(C)(C)CC1CCS1(=O)=O,0.39,13.97
[Na+].[O-]S(=O)(=O)C(F)(F)F,CC(=O)C1C2CCC(CSC2)C1C,1.46,2.94
[Na+].[O-]S(=O)(=O)C(F)(F)F,CC(=O)OC1CCC(OC(C)=O)C1,1.32,3.52
[Na+].[O-]S(=O)(=O)C(F)(F)F,CCCCC1CC1C1C(=O)CCC1C,1.46,3.0
[Na+].[O-]S(=O)(=O)C(F)(F)F,CCS(=O)(=O)C1CCC1,0.7,8.95
[Na+].[O-]S(=O)(=O)C(F)(F)F,CCCCCC(F)C(=O)CN(C)C,1.14,4.1
[Na+].[O-]S(=O)(=O)C(F)(F)F,CCC1(OOC)CC1C,1.14,5.96
[Na+].[O-]S(=O)(=O)C(F)(F)F,CCC1CCC(Cl)C1C(C)=O,0.97,5.32
[Na+].[O-]S(=O)(=O)C(F)(F)F,CC(C)CCOC(=O)C(C)(C)F,0.43,12.62
[Na+].[O-]S(=O)(=O)C(F)(F)F,CC(=O)CC1CC1C1CC(C)C2CC21,0.3,16.81
[Na+].[O-]S(=O)(=O)C(F)(F)F,CCC(=O)C(C)C(CC)SC#N,1.41,3.28
[Na+].[O-]S(=O)(=O)C(F)(F)F,CCCCCC(C)C(=O)OCCC,0.34,15.24
[Na+].[O-]S(=O)(=O)C(F)(F)F,CC1C(=O)C2CCCC2C1=O,1.01,5.84
[Na+].[O-]S(=O)(=O)C(F)(F)F,CC1(C(=O)Cl)CCCC1CCl,1.1,4.14
[Na+].[O-]S(=O)(=O)C(F)(F)F,CCC1(C)CC2C(C)C2C1C(=O)OC,0.66,7.2
[Na+].[O-]S(=O)(=O)C(F)(F)F,CC(=O)CC(C)CCOC(C)=O,1.19,4.29
[Na+].[N-](C#N)C#N,CCN1C(C)CC(=O)C12CC2C,1.06,5.33
[Na+].[N-](C#N)C#N,CCOC(=O)CC1CC1C1CCCC1,1.23,3.88
[Na+].[N-](C#N)C#N,CC(=O)C1CC(C)CCC1C,0.83,7.47
[Na+].[N-](C#N)C#N,COc1cc(-c2ccccc2)c[nH]1,0.92,5.97
[Na+].[N-](C#N)C#N,CCC1(C)CC2C(C)C2C1C(=O)OC,1.14,4.2
[Na+].[N-](C#N)C#N,CCCC1(CC)OOOC1C,1.06,5.56
[Na+].[N-](C#N)C#N,COC(=O)OCC1C2CCCC1C2,0.39,13.63
[Na+].[N-](C#N)C#N,COC(=O)C(C)C(C)S(=O)(=O)F,0.66,7.38
[Na+].[N-](C#N)C#N,CC1C2CCC(C)(C)C1OC(=O)O2,1.41,3.57
[Na+].[N-](C#N)C#N,CC(=O)C(C)C1CC(C)C(C)C1,0.7,8.18
[Na+].[N-](C#N)C#N,CCCCC(=O)C(C)(C)C(C)C,1.41,3.86
[Na+].[N-](C#N)C#N,CCC(C)(C)CCC(=O)N1CCCO1,0.7,6.91
[Na+].[N-](C#N)C#N,CC(CF)C1(CF)CCOC1,0.97,5.96
[Na+].[N-](C#N)C#N,COC(=O)C1(C)CCCC(=O)C1C,0.66,7.94
[Na+].[N-](C#N)C#N,CCCC(=O)C(CC)S(C)(=O)=O,0.48,10.56
[Na+].[N-](C#N)C#N,COC(=O)OC(CC(C)C)N(C)C,1.01,4.95
[Na+].[N-](C#N)C#N,CCC1C(OC(C)=O)OC(=O)C1C#N,0.57,8.63
[Na+].[N-](C#N)C#N,CCCC(C)OC(=O)OC(C)=O,0.66,8.4
[Na+].[N-](C#N)C#N,CCC(CC(C)=O)C(=O)CC(F)F,1.32,3.67
[Na+].[N-](C#N)C#N,CCC(=O)C(C)CS(=O)C(C)C,1.1,4.5
[Na+].[N-](C#N)C#N,C=Cc1ccc(C(C)=O)s1,1.19,5.18
[Na+].[N-](C#N)C#N,CC1C(=O)C2CCCC2C1=O,1.5,4.04
[Na+].[N-](C#N)C#N,COC(=O)OCCCSSC,1.23,3.88
[Na+].[N-](C#N)C#N,CCCCCC(=O)N(C=O)CCC,1.46,3.41
[Na+].[N-](C#N)C#N,CCC(C)OC(=O)CSC,0.66,9.02
[Na+].[C-](C#N)(C#N)C#N,CCOC(C)=O,1.41,7.29
[Na+].[C-](C#N)(C#N)C#N,CCCCC(OC(C)=O)C(C)(C)F,0.74,6.75
[Na+].[C-](C#N)(C#N)C#N,CC1(C(=O)Cl)CCCC1CCl,1.1,4.32
[Na+].[C-](C#N)(C#N)C#N,CC1(C)CCCCCS(=O)(=O)C1,1.1,4.43
[Na+].[C-](C#N)(C#N)C#N,CC1CCC(=O)CC(=O)C12CCCC2,0.97,4.96
[Na+].[C-](C#N)(C#N)C#N,CCC1(C)CC(=O)CCC1(C)C,1.41,3.82
[Na+].[C-](C#N)(C#N)C#N,CCC(=O)CCC(=O)OC(C)=O,1.01,5.36
[Na+].[C-](C#N)(C#N)C#N,CCC(=O)C1(C)CC(C)CCCC1C,0.88,5.45
[Na+].[C-](C#N)(C#N)C#N,CCCC(CCC(F)F)C(=O)OC,1.23,3.84
[Na+].[C-](C#N)(C#N)C#N,COC(=O)C(C)CC(C)(C)C(C)C,1.32,3.71
[Na+].[C-](C#N)(C#N)C#N,COC(=O)C1CC(C)(F)CC1CF,1.28,3.72
[Na+].[C-](C#N)(C#N)C#N,CC(=O)CCCC(C)C(C)(C)C#N,0.88,5.9
[Na+].[C-](C#N)(C#N)C#N,CCCCC1CC1C1C(=O)CCC1C,0.83,5.86
[Na+].[C-](C#N)(C#N)C#N,CC1=C[C@H](F)C=CO1,0.66,12.69
[Na+].[C-](C#N)(C#N)C#N,CC(CS(C)(=O)=O)C(F)CF,0.92,5.48
[Na+].[C-](C#N)(C#N)C#N,CC(CF)C1(CF)CCOC1,0.74,7.83
[Na+].[C-](C#N)(C#N)C#N,CCOC(=O)CC1CC1C1CCCC1,0.39,12.72
[Na+].[C-](C#N)(C#N)C#N,CCC(=O)C(C)C(CC)SC#N,0.83,6.14
[Na+].[C-](C#N)(C#N)C#N,COCC1C2C(C)C2C(C)CC1(C)C,1.23,3.8
[Na+].[C-](C#N)(C#N)C#N,CCCC(OC)C1OC(=O)OC1=O,1.06,4.66
[Na+].[C-](C#N)(C#N)C#N,CC(C)C(C)OC(C)C(F)(F)F,0.57,9.16
[Na+].[C-](C#N)(C#N)C#N,CCC1CCC(Cl)C1C(C)=O,0.83,6.52
[Na+].[C-](C#N)(C#N)C#N,CC(=O)OC1CCC(OC(C)=O)C1,0.97,5.18
[Na+].[C-](C#N)(C#N)C#N,CCOC(=O)OCOCC(C)Cl,0.92,5.19
[Na+].[C-](C#N)(C#N)C#N,CCCOCCC1CC(C)CCC1C,0.3,16.47
[Na+].[O-][N+](=O)=O,CN(C)C(=O)CC1(C)CC2CC1C2,0.88,5.99
[Na+].[O-][N+](=O)=O,CCCCCC(F)C(=O)CN(C)C,1.01,4.97
[Na+].[O-][N+](=O)=O,CCOC(=O)OCCCS(C)=O,1.5,3.17
[Na+].[O-][N+](=O)=O,CCCC(C)CC(=O)OC(C)=O,0.88,6.31
[Na+].[O-][N+](=O)=O,CC(=O)C1C2CC3CC(C2)CC1C3,0.43,12.76
[Na+].[O-][N+](=O)=O,CCCCCCCOS(C)(=O)=O,0.88,5.59
[Na+].[O-][N+](=O)=O,CCCC(C)C(C)S(=O)(=O)F,0.88,5.96
[Na+].[O-][N+](=O)=O,CSCCC(=O)CSC,0.48,12.38
[Na+].[O-][N+](=O)=O,CCCC(C)C(C)CCC(=O)CC#N,1.37,3.48
[Na+].[O-][N+](=O)=O,CCOC(=O)OCOCC(C)Cl,1.06,4.54
[Na+].[O-][N+](=O)=O,CCCC(=O)CCCCC(F)CC,0.43,12.09
[Na+].[O-][N+](=O)=O,CC1CCC12CC2C(=O)OC1(C)CC1,0.3,16.9
[Na+].[O-][N+](=O)=O,CCC(C)(C)CCC(=O)N1CCCO1,1.19,3.97
[Na+].[O-][N+](=O)=O,COC1CCCC(C2CCC3CC32)C1,1.37,3.5
[Na+].[O-][N+](=O)=O,CCN(C)S(=O)(=O)CC(C)C,0.52,10.45
[Na+].[O-][N+](=O)=O,CCCC1C2CCC(C)C(C)C12OC,1.37,3.46
[Na+].[O-][N+](=O)=O,CCCC1SOC(C)(C)C1C,0.97,5.63
[Na+].[O-][N+](=O)=O,COCS(=O)(=O)C(C)(C)C,0.7,8.29
[Na+].[O-][N+](=O)=O,CC(=O)CCCCC(C)CC(C)=O,0.88,5.9
[Na+].[O-][N+](=O)=O,CC1CC2CCCC(C(C)C)(C1)C2=O,0.97,5.05
[Na+].[O-][N+](=O)=O,CCC(CCC(C)C(C)C)OC,0.74,7.55
[Na+].[O-][N+](=O)=O,CC1CC(C)(C)C(=O)CC1C(C)(C)C,1.28,3.72
[Na+].[O-][N+](=O)=O,CC(CC1CCC1)C(=O)Cl,1.19,4.92
[Na+].[O-][N+](=O)=O,CCCCC(=O)CCC(C)(C)C#N,0.61,8.77
[Na+].[O-][N+](=O)=O,CCCCC(OC)C(CC)CC,0.97,5.69
[Na+].CC(=O)[O-],CCC(CC)OP(=O)(Cl)CC,0.74,6.56
[Na+].CC(=O)[O-],CCC12COC(CC1C)CC2(C)C,0.39,13.8
[Na+].CC(=O)[O-],CCCC(=O)OC1CCC(CC)C1,1.28,3.98
[Na+].CC(=O)[O-],CCCCC(C)S(=O)(=O)Cl,0.61,8.62
[Na+].CC(=O)[O-],CCCCCC(C)S(=O)(=O)CC,1.5,3.22
[Na+].CC(=O)[O-],COC(=O)C1(C)CCC12CCCC2,1.06,4.91
[Na+].CC(=O)[O-],COC(=O)OC(CC(C)C)N(C)C,0.66,7.75
[Na+].CC(=O)[O-],CCCC(C)(C)CC(=O)C(C)C(C)C,1.23,3.86
[Na+].CC(=O)[O-],COC1=CSC=CC1,0.92,8.1
[Na+].CC(=O)[O-],COOCC(C)CCC(C)C,1.06,5.59
[Na+].CC(=O)[O-],CC(=O)OC1(C)CCCC(C)(C)C1C,1.46,3.21
[Na+].CC(=O)[O-],CCC(=O)C(C)CS(=O)C(C)C,0.74,6.85
[Na+].CC(=O)[O-],CCS(=O)(=O)CC(C)CCCl,0.57,8.59
[Na+].CC(=O)[O-],CC1CC2C3C(C)(C)CCC23O1,1.41,3.98
[Na+].CC(=O)[O-],CC(F)C(=O)C1(C)CCCO1,0.88,6.79
[Na+].CC(=O)[O-],CCCC(=O)C(C)C(C)C(C)C(C)C,1.01,4.75
[Na+].CC(=O)[O-],CC(=O)CC1C(C)C2CCC1(C#N)C2,1.1,4.5
[Na+].CC(=O)[O-],CC(C)C(C)CCCC(=O)C#N,0.34,17.3
[Na+].CC(=O)[O-],CCC(Cl)C(=O)C(C)=O,0.3,22.11
[Na+].CC(=O)[O-],CCCCCC(F)C(=O)CN(C)C,0.66,7.75
[Na+].CC(=O)[O-],CCCCCS(=O)(=O)CC,1.19,4.82
[Na+].CC(=O)[O-],CC(C)(C)CC1CCS1(=O)=O,0.88,6.17
[Na+].CC(=O)[O-],CC1CCC(=O)C1C(C)C(C)(C)C,0.97,5.39
[Na+].CC(=O)[O-],CCCC1CC1(C)C(=O)C#N,0.43,15.06
[Na+].CC(=O)[O-],CC1(C(F)F)CCCC1=O,0.3,22.17
[Na+].[O-]C(=O)C(F)(F)F,CCC(C#N)CS(=O)(=O)CC,0.52,10.52
[Na+].[O-]C(=O)C(F)(F)F,CCCCC(=O)CCC(C)(C)C#N,1.01,5.02
[Na+].[O-]C(=O)C(F)(F)F,COCC(CC(C)C)C12CCCC1C2,0.79,6.04
[Na+].[O-]C(=O)C(F)(F)F,CCC(CC)OC1CC(=O)CC1CC,0.48,10.1
[Na+].[O-]C(=O)C(F)(F)F,CCC(=O)C(C)C1SCCS1,1.1,4.36
[Na+].[O-]C(=O)C(F)(F)F,CN(C)C1=COC(C#N)=CO1,0.52,12.11
[Na+].[O-]C(=O)C(F)(F)F,CC(=O)CC(=O)C1(C)CC1C,1.28,4.55
[Na+].[O-]C(=O)C(F)(F)F,CCCC(C)CC(=O)OC(C)=O,1.19,4.41
[Na+].[O-]C(=O)C(F)(F)F,CCOC(=O)C(CC(C)=O)C1CC1C,1.32,3.42
[Na+].[O-]C(=O)C(F)(F)F,CCCC1C(CC)OCC1C1(C)CC1,1.37,3.31
[Na+].[O-]C(=O)C(F)(F)F,CCC(C)C(=O)CCC(C)(C)C(C)=O,1.06,4.35
[Na+].[O-]C(=O)C(F)(F)F,CCCCC(C(C)=O)C(Cl)Cl,1.19,3.86
[Na+].[O-]C(=O)C(F)(F)F,CCC(Cl)C(=O)C(C)=O,0.3,21.89
[Na+].[O-]C(=O)C(F)(F)F,CCC(CC(C)=O)C(=O)CC(F)F,1.14,4.15
[Na+].[O-]C(=O)C(F)(F)F,CC(=O)CCCC(C)C(C)(C)C#N,0.88,5.83
[Na+].[O-]C(=O)C(F)(F)F,CCCOCCC1CC(C)CCC1C,0.52,9.29
[Na+].[O-]C(=O)C(F)(F)F,CC1OC(=O)OC2C(=O)N(C)C1C2C,0.97,4.77
[Na+].[O-]C(=O)C(F)(F)F,CCC(=O)C(C)CS(=O)C(C)C,0.61,8.19
[Na+].[O-]C(=O)C(F)(F)F,CCON(C)C(C)C1CCCS1,1.23,3.87
[Na+].[O-]C(=O)C(F)(F)F,CCCOC(=O)OCCC(C)OC,0.66,7.54
[Na+].[O-]C(=O)C(F)(F)F,CCN1C(C)CC(=O)C12CC2C,1.14,4.77
[Na+].[O-]C(=O)C(F)(F)F,CCCCCC(=O)OC(C)CCC,1.1,4.45
[Na+].[O-]C(=O)C(F)(F)F,CCC1CCC(C)(C)C(=O)C1,0.43,14.56
[Na+].[O-]C(=O)C(F)(F)F,CC(C)CCOC(=O)C(C)(C)F,1.28,3.98
[Na+].[O-]C(=O)C(F)(F)F,CCC1CCCC12CC(=O)OC2C,0.57,9.19
[Na+].CCC(=O)[O-],CC1CCC(=O)C1C(C)C(C)(C)C,0.43,12.45
[Na+].CCC(=O)[O-],CC1CC(CC(=O)C#N)C1,1.19,5.71
[Na+].CCC(=O)[O-],CCC1CCC2OC(=O)OC12,1.32,4.49
[Na+].CCC(=O)[O-],CCC(P)CCC(C)=O,0.92,7.05
[Na+].CCC(=O)[O-],CC(=O)CC1C(C)C2CCC1(C#N)C2,1.28,3.79
[Na+].CCC(=O)[O-],CCCC(=O)C(CC)CC(C)(C)F,1.23,4.02
[Na+].CCC(=O)[O-],CC(=O)C1CC(C)CCC1C,0.34,18.7
[Na+].CCC(=O)[O-],CCCC(=O)OSC,0.52,13.91
[Na+].CCC(=O)[O-],CSC1(C)CCC(=O)C(C)C1,0.48,11.76
[Na+].CCC(=O)[O-],CCOC(C)=O,0.52,21.19
[Na+].CCC(=O)[O-],CCCOCCCC(C)CCC,1.01,5.42
[Na+].CCC(=O)[O-],CCC1CC2C(OC)CC(C)C2(C)C1,1.37,3.43
[Na+].CCC(=O)[O-],CCON(C)C(C)C1CCCS1,0.88,5.7
[Na+].CCC(=O)[O-],CCCC(=O)C(C)C(C)C(C)C(C)C,0.52,9.41
[Na+].CCC(=O)[O-],CN(C)C1=COC(C#N)=CO1,1.46,4.13
[Na+].CCC(=O)[O-],CC1(C)CCCCCS(=O)(=O)C1,1.14,4.31
[Na+].CCC(=O)[O-],CCC(C)C(=O)C1(C#N)CC1,0.79,8.0
[Na+].CCC(=O)[O-],CC(=O)CC(C)CCOC(C)=O,1.01,5.42
[Na+].CCC(=O)[O-],CCCC1(CC)OOOC1C,0.7,8.56
[Na+].CCC(=O)[O-],CCCC(CCC)C[PH](C)=O,0.97,5.53
[Na+].CCC(=O)[O-],CCCC(C)CC(C)S(C)(=O)=O,1.01,4.85
[Na+].CCC(=O)[O-],CCC1CCC(Cl)C1C(C)=O,0.52,10.69
[Na+].CCC(=O)[O-],COCC(CC(C)C)C12CCCC1C2,0.7,6.99
[Na+].CCC(=O)[O-],CCCC(CCC(F)F)C(=O)OC,1.19,4.04
[Na+].CCC(=O)[O-],CC(=O)CCC1CC(=O)C1C(C)C,1.5,3.35
[Na+].[O-]C(=O)c1ccccc1,COCC(CC(C)C)C12CCCC1C2,0.97,4.82
[Na+].[O-]C(=O)c1ccccc1,CCCC(C)OC(=O)OC(C)=O,1.46,3.45
[Na+].[O-]C(=O)c1ccccc1,CCC(P)CCC(C)=O,1.01,6.19
[Na+].[O-]C(=O)c1ccccc1,CC(=O)CCC1CC(=O)C1C(C)C,1.41,3.43
[Na+].[O-]C(=O)c1ccccc1,CCCCC(=O)CCC(C)(C)C#N,0.83,6.18
[Na+].[O-]C(=O)c1ccccc1,CCCCCC(=O)OC(C)CCC,1.1,4.42
[Na+].[O-]C(=O)c1ccccc1,CCC1CC2C(OC)CC(C)C2(C)C1,1.23,3.71
[Na+].[O-]C(=O)c1ccccc1,CCC(=O)CCC(=O)OC(C)=O,0.97,5.5
[Na+].[O-]C(=O)c1ccccc1,CCC1C2CC3CC1(CC3C#N)C2=O,1.41,3.3
[Na+].[O-]C(=O)c1ccccc1,CC(=O)CCCCC(C)CC(C)=O,0.34,15.5
[Na+].[O-]C(=O)c1ccccc1,CC1CC(C)(C)C(=O)CC1C(C)(C)C,0.52,9.36
[Na+].[O-]C(=O)c1ccccc1,CC1CC2CCCC3(CCCC3=O)C12,1.41,3.25
[Na+].[O-]C(=O)c1ccccc1,CCCCCC(=O)N(C=O)CCC,1.1,4.45
[Na+].[O-]C(=O)c1ccccc1,CC1CC(C)(C#N)C(=O)C2(C)CC12,1.1,4.65
[Na+].[O-]C(=O)c1ccccc1,CCCC(F)(CC)C(C)=O,0.34,19.54
[Na+].[O-]C(=O)c1ccccc1,CC(=O)C1C2CC3CC(C2)CC1C3,0.43,12.57
[Na+].[O-]C(=O)c1ccccc1,CCCC(=O)C(C)C(C)(C)C,1.14,5.07
[Na+].[O-]C(=O)c1ccccc1,CCCOC(=O)OC(C)N(C)CC,0.79,6.24
[Na+].[O-]C(=O)c1ccccc1,CC(=O)CC(=O)C1(C)CC1C,0.97,6.14
[Na+].[O-]C(=O)c1ccccc1,CCCC(CC)OOC(=O)Cl,1.5,3.22
[Na+].[O-]C(=O)c1ccccc1,CCCC1(C)CC(=O)C12CCCC2C,0.88,5.41
[Na+].[O-]C(=O)c1ccccc1,CCCCC1CC1C1C(=O)CCC1C,1.23,3.75
[Na+].[O-]C(=O)c1ccccc1,CCC1CC(C)C1C(C)CCOC,0.57,9.06
[Na+].[O-]C(=O)c1ccccc1,CCCCCC(C)S(=O)(=O)CC,1.37,3.35
[Na+].[O-]C(=O)c1ccccc1,CCCC(C(C)C)C(C)C(=O)OC,0.57,8.96
[Na+].[O-]C=O,CCCC(=O)CCCCC(F)CC,0.48,10.85
[Na+].[O-]C=O,CCC(C)(C)CCC(=O)N1CCCO1,0.57,8.6
[Na+].[O-]C=O,CCC(CC(C)=O)C(=O)CC(F)F,0.92,5.45
[Na+].[O-]C=O,CC(C)C(C)OC(C)C(F)(F)F,0.74,7.12
[Na+].[O-]C=O,CC1(C(=O)C2CCCCC2=O)CCC1,0.92,5.39
[Na+].[O-]C=O,COC(=O)C(C)CS(C)(=O)=O,0.66,8.19
[Na+].[O-]C=O,CCCCC(=O)C(C)(C)C(C)C,1.41,3.93
[Na+].[O-]C=O,CC(=O)CCCCCCC(=O)C(C)=O,1.06,4.56
[Na+].[O-]C=O,CC(=O)C1(CC(C)C(C)C)CCCC1,0.61,8.15
[Na+].[O-]C=O,CCC(C)C(=O)CCC(C)(C)C(C)=O,0.74,6.61
[Na+].[O-]C=O,CC1COCCCC1(C)C,0.52,13.24
[Na+].[O-]C=O,CCC(Cl)C(=O)C(C)=O,0.88,7.38
[Na+].[O-]C=O,CCCC(=O)OC1CCC(CC)C1,0.74,7.12
[Na+].[O-]C=O,CCCC(=O)OSC,1.5,4.67
[Na+].[O-]C=O,CC(C)CCOC(=O)C(C)(C)F,0.57,9.73
[Na+].[O-]C=O,CC1CCC(=O)C1C(C)C(C)(C)C,1.37,3.78
[Na+].[O-]C=O,CC12CC3(C)CC(C1)(C2)S3(=O)=O,1.19,4.3
[Na+].[O-]C=O,CC1CC(CCC(=O)OC(C)(C)C)C1,1.46,3.25
[Na+].[O-]C=O,CCCC1(CC)COC(=O)OC1,1.1,5.05
[Na+].[O-]C=O,CCCC(CC)COC(=O)OCC,0.74,6.97
[Na+].[O-]C=O,CCCCCCCOS(C)(=O)=O,0.43,11.76
[Na+].[O-]C=O,COC(=O)OC1CCCC(C)C1,0.79,7.12
[Na+].[O-]C=O,COC(=O)C(C)CC(C)(C)C(C)C,0.66,7.92
[Na+].[O-]C=O,CC1CCC12CC2C(=O)OC1(C)CC1,1.5,3.23
[Na+].[O-]C=O,CCCC12CC(C)C1CC(=O)O2,1.37,4.1
[Na+].COS(=O)(=O)[O-],CC(=O)C(C(C)=O)C1CC1C,0.74,8.25
[Na+].COS(=O)(=O)[O-],CC1COCC2(C1)C(=O)OCC2C#N,1.14,4.09
[Na+].COS(=O)(=O)[O-],CC1CCC(C)C12C(=O)CCCC2=O,0.57,8.62
[Na+].COS(=O)(=O)[O-],CCC1CC(C)C1C(C)CCOC,1.5,3.19
[Na+].COS(=O)(=O)[O-],CCCCC(C(C)=O)C(Cl)Cl,0.74,6.46
[Na+].COS(=O)(=O)[O-],CC1CC(C)(C)C(C)(C)CC1=O,0.83,6.69
[Na+].COS(=O)(=O)[O-],CCOC(C)OC(=O)OC,1.28,4.74
[Na+].COS(=O)(=O)[O-],CC1(C(=O)C2CCCCC2=O)CCC1,1.14,4.11
[Na+].COS(=O)(=O)[O-],COC(=O)C(C)CS(C)(=O)=O,1.32,3.77
[Na+].COS(=O)(=O)[O-],CCC1COC(C)C2CCC2C1C,0.39,13.63
[Na+].COS(=O)(=O)[O-],CCC(CC)(OC(C)=O)SC,1.1,4.71
[Na+].COS(=O)(=O)[O-],CCCCC(C)C(=O)OOCF,0.34,16.06
[Na+].COS(=O)(=O)[O-],CCCC1(C)CC(CC)C(=O)C1C,1.32,3.72
[Na+].COS(=O)(=O)[O-],CC1CC(C)(C#N)C(=O)C2(C)CC12,1.41,3.56
[Na+].COS(=O)(=O)[O-],CCC(SC)C(=O)OC(C)C,0.3,18.46
[Na+].COS(=O)(=O)[O-],CCCCCC(C#N)(CC)C(C)=O,0.57,9.24
[Na+].COS(=O)(=O)[O-],CCCC1SOC(C)(C)C1C,0.34,16.42
[Na+].COS(=O)(=O)[O-],COCCC(C(C)C)C(C)C,1.19,4.81
[Na+].COS(=O)(=O)[O-],CCCCC1C(C)C1CC(C)=O,0.57,9.96
[Na+].COS(=O)(=O)[O-],CCCC(=O)OC1CCC(CC)C1,1.01,4.94
[Na+].COS(=O)(=O)[O-],CC1=C[C@H](F)C=CO1,1.01,7.98
[Na+].COS(=O)(=O)[O-],CN(C)C(=O)CC1(C)CC2CC1C2,0.83,6.21
[Na+].COS(=O)(=O)[O-],CC(=O)OC1CCC(OC(C)=O)C1,0.83,6.05
[Na+].COS(=O)(=O)[O-],CCCOC(=O)C(C)C1CCC1CC,0.34,14.43
[Na+].COS(=O)(=O)[O-],CCCC(=O)OSC,1.5,4.38
[Na+].[S-]C#N,CCCC1(C)CC(CC)C(=O)C1C,1.19,4.35
[Na+].[S-]C#N,CCCCCC(C)S(=O)(=O)CC,0.79,6.33
[Na+].[S-]C#N,CCCC(C)OC(=O)OC(C)=O,0.74,7.48
[Na+].[S-]C#N,CCC1CCC(Cl)C1C(C)=O,1.1,4.93
[Na+].[S-]C#N,CCC1CC(C)(CC)C(=O)CC1(C)C,1.37,3.47
[Na+].[S-]C#N,CC(=O)CC1C(C)C2CCC1(C#N)C2,0.61,8.32
[Na+].[S-]C#N,CCS(=O)(=O)C1CCC1,0.43,15.37
[Na+].[S-]C#N,CCC(CC(C)=O)C(=O)CC(F)F,0.97,5.12
[Na+].[S-]C#N,CCC(CC)OC1CC(=O)CC1CC,1.37,3.44
[Na+].[S-]C#N,CCC(CC(C)(F)F)C(=O)CC#N,1.01,4.98
[Na+].[S-]C#N,CCCOC(=O)OCCC(C)OC,1.01,4.95
[Na+].[S-]C#N,CCCC(F)(CC)C(C)=O,1.01,6.45
[Na+].[S-]C#N,CCC12CC(CCCCC1=O)C2,1.01,5.67
[Na+].[S-]C#N,COC1CCCC(C2CCC3CC32)C1,0.52,9.65
[Na+].[S-]C#N,COC(C)CC1CCCC12CCC2,1.19,4.35
[Na+].[S-]C#N,CCC(CC)CC(=O)C(C)CC,0.7,8.11
[Na+].[S-]C#N,CC1(C(F)F)CCCC1=O,1.46,4.3
[Na+].[S-]C#N,COC(=O)C1CC(C)(F)CC1CF,0.3,17.09
[Na+].[S-]C#N,CC(=O)C(C)C1CC(C)C(C)C1,1.01,5.6
[Na+].[S-]C#N,CC12CC3(C)CC(C1)(C2)S3(=O)=O,0.3,17.64
[Na+].[S-]C#N,COC(=O)OC(CC(C)C)N(C)C,0.52,9.91
[Na+].[S-]C#N,CCC(C)C1CCC(CCOC)C1,1.41,3.59
[Na+].[S-]C#N,CCS(=O)(=O)CC(C)CCCl,0.48,10.24
[Na+].[S-]C#N,CC1CCC12CC2C(=O)OC1(C)CC1,0.74,6.71
[Na+].[S-]C#N,CCCCCS(=O)(=O)CC,0.39,15.32
[Na+].[Br-],CC(=O)CCCC(C)C(C)(C)C#N,0.61,8.71
[Na+].[Br-],CCC(=O)C(C)C1SCCS1,0.97,5.1
[Na+].[Br-],CC1C(=O)CCC2(C#N)C(C3CC3)C12,1.06,4.66
[Na+].[Br-],CN(C)C1=COC(C#N)=CO1,0.3,21.51
[Na+].[Br-],C=Cc1ccc(C(C)=O)s1,0.39,16.45
[Na+].[Br-],COCS(=O)(=O)C(C)(C)C,0.48,12.17
[Na+].[Br-],CC(=O)CCC1CC(=O)C1C(C)C,1.41,3.56
[Na+].[Br-],CSCC(C(=O)F)C(C)C(C)C,0.52,9.69
[Na+].[Br-],CCN(C)S(=O)(=O)CC(C)C,0.52,10.39
[Na+].[Br-],COC(=O)OCCCSSC,1.06,4.5
[Na+].[Br-],CC1C(=O)C(C#N)CC2CCCC21,0.3,18.46
[Na+].[Br-],CCCCCS(=O)(=O)CC,0.61,9.61
[Na+].[Br-],CCCC(CCC)C[PH](C)=O,0.74,7.32
[Na+].[Br-],CCCC(=O)CC(C)C(C)C,0.3,20.94
[Na+].[Br-],CCCCC(C)C(=O)C1CO1,1.06,5.65
[Na+].[Br-],CCC(=O)C(C)C(CC)SC#N,0.39,13.51
[Na+].[Br-],CN(C)C(=O)CC1(C)CC2CC1C2,0.48,11.16
[Na+].[Br-],CCCC1CC2(CCCCC2)CO1,0.52,10.22
[Na+].[Br-],CC(CC1CCC1)C(=O)Cl,0.92,6.39
[Na+].[Br-],CCOC(=O)OCCCS(C)=O,1.14,4.2
[Na+].[Br-],CC12CC3C4CCC35CC(C1CO5)C42,0.48,10.63
[Na+].[Br-],CC1C2C(=O)C(=O)C(CC(C)(C)C)C12,0.83,5.89
[Na+].[Br-],CCCCC(=O)CCC(C)(C)C#N,1.41,3.58
[Na+].[Br-],CCC(CC(C)(F)F)C(=O)CC#N,0.57,8.95
[Na+].[Br-],CCCC1C2CCC(C)C(C)C12OC,1.06,4.5
[Na+].[Cl-],COCCC(C(C)C)C(C)C,0.34,18.36
[Na+].[Cl-],CC(CS(C)(=O)=O)C(F)CF,0.3,17.72
[Na+].[Cl-],CC(C)(CS(=O)(=O)F)C1CC1,1.23,4.32
[Na+].[Cl-],CCON(C)C(C)C1CCCS1,1.01,5.05
[Na+].[Cl-],CC(=O)CCCC(C)C(C)(C)C#N,0.88,6.08
[Na+].[Cl-],CC(=O)C1CCCS(=O)(=O)C1,0.61,9.11
[Na+].[Cl-],CC1CC(C)(C#N)C(=O)C2(C)CC12,0.88,6.22
[Na+].[Cl-],CCCC(=O)C(C)C(C)(C)C,1.41,4.32
[Na+].[Cl-],CC(=O)CCC(C)(C)C(C)C(C)C,0.79,6.68
[Na+].[Cl-],CCC(C)CC(C)=O,0.39,22.15
[Na+].[Cl-],CCCC(OC)C1OC(=O)OC1=O,0.79,6.54
[Na+].[Cl-],CCCCC(=O)OCCC(C)C,1.06,5.28
[Na+].[Cl-],CCCCC(C)OC(=O)OCC,1.1,5.02
[Na+].[Cl-],CC1C(=O)CCC2(C#N)C(C3CC3)C12,0.7,7.37
[Na+].[Cl-],CC1CC(C)C(CCC(=O)N(C)C)C1,0.66,7.5
[Na+].[Cl-],CCCCC(C(C)=O)C(Cl)Cl,0.39,12.83
[Na+].[Cl-],CCCC(C)C(C)S(=O)(=O)F,1.23,4.27
[Na+].[Cl-],CCCCCC(F)C(=O)CN(C)C,0.39,13.37
[Na+].[Cl-],COC(=O)C1CC(C)(F)CC1CF,0.88,5.73
[Na+].[Cl-],CC1CCC(=O)C(C)(C)CC1C,1.06,5.4
[Na+].[Cl-],CC(C)CCOC(=O)C(C)(C)F,0.83,6.64
[Na+].[Cl-],CCCCCC1CC1C(=O)C(=O)C#N,1.06,4.7
[Na+].[Cl-],CCCCC(=O)C(C)(C)C(C)C,0.43,13.45
[Na+].[Cl-],CCCC12CC(C)C1CC(=O)O2,0.88,6.55
[Na+].[Cl-],CCC(C)(C)CCC(=O)N1CCCO1,1.1,4.39
[Na+].[O-]S(=O)(=O)c1ccc(C)cc1,CCOC(C)OC(=O)OC,0.48,13.29
[Na+].[O-]S(=O)(=O)c1ccc(C)cc1,COOCC(C)CCC(C)C,1.37,3.84
[Na+].[O-]S(=O)(=O)c1ccc(C)cc1,COCS(=O)(=O)C(C)(C)C,0.79,6.93
[Na+].[O-]S(=O)(=O)c1ccc(C)cc1,CCC1CCC(C)(C)C(=O)C1,0.61,9.89
[Na+].[O-]S(=O)(=O)c1ccc(C)cc1,CCCC1CC2(CCCCC2)CO1,0.34,15.51
[Na+].[O-]S(=O)(=O)c1ccc(C)cc1,COC(=O)OCCOC(C)F,1.28,4.01
[Na+].[O-]S(=O)(=O)c1ccc(C)cc1,CCCCCC(C)C(=O)OCCC,1.46,3.06
[Na+].[O-]S(=O)(=O)c1ccc(C)cc1,CCCC(=O)CC(CC#N)C(C)(C)C,1.41,3.05
[Na+].[O-]S(=O)(=O)c1ccc(C)cc1,CC1CC2CCC(C)C(C2)C1=O,1.46,3.43
[Na+].[O-]S(=O)(=O)c1ccc(C)cc1,COCCC(C(C)C)C(C)C,0.48,12.44
[Na+].[O-]S(=O)(=O)c1ccc(C)cc1,CCC1CC(C)C1C(C)CCOC,1.46,3.1
[Na+].[O-]S(=O)(=O)c1ccc(C)cc1,CCC12COC(CC1C)CC2(C)C,0.3,17.66
[Na+].[O-]S(=O)(=O)c1ccc(C)cc1,CCC1CC(C(=O)OC)CC1=O,0.79,6.77
[Na+].[O-]S(=O)(=O)c1ccc(C)cc1,CCC1CCCCC(CC)C(=O)O1,0.79,6.25
[Na+].[O-]S(=O)(=O)c1ccc(C)cc1,CC1CC(CCC(=O)OC(C)(C)C)C1,0.97,4.62
[Na+].[O-]S(=O)(=O)c1ccc(C)cc1,CCCCCC(F)C(=O)CN(C)C,1.19,3.84
[Na+].[O-]S(=O)(=O)c1ccc(C)cc1,CCCC12CCOC1(CC)C2,1.32,4.17
[Na+].[O-]S(=O)(=O)c1ccc(C)cc1,CC1COCCCC1(C)C,0.83,7.67
[Na+].[O-]S(=O)(=O)c1ccc(C)cc1,CC(=O)C1C2CC3CC(C2)CC1C3,0.79,6.46
[Na+].[O-]S(=O)(=O)c1ccc(C)cc1,COCC1C2C(C)C2C(C)CC1(C)C,1.32,3.28
[Na+].[O-]S(=O)(=O)c1ccc(C)cc1,CCC(C)OC(=O)CSC,1.06,5.11
[Na+].[O-]S(=O)(=O)c1ccc(C)cc1,CCC(=O)C(C)CS(=O)C(C)C,0.43,11.62
[Na+].[O-]S(=O)(=O)c1ccc(C)cc1,CCC1CC(C)(CC)C(=O)CC1(C)C,0.7,6.69
[Na+].[O-]S(=O)(=O)c1ccc(C)cc1,CCC(C)C(=O)CCC(C)(C)C(C)=O,0.34,14.26
[Na+].[O-]S(=O)(=O)c1ccc(C)cc1,CC(CS(C)(=O)=O)C(F)CF,1.28,3.58
