key,row_index,csv_line,cation,anion,salt_smi,solvent_smi,molarity,molarity_actual,molarity_err_pct,n_solvent,n_salt,solv_per_ion_pair,n_atoms,box_build_nm,box_equil_nm,net_charge,q_scale,stage,has_xtc,density_g_cm3,prod_ns_day,cn_solv_O,cn_anion,cn_total,ssip,cip,agg,rdf_MO_peak_A,shell_cutoff_A,shell_cutoff_from_rdf,n_frames_used,clust_cutoff_A,clust_cutoff_from_rdf,rdf_cat_an_peak_A,n_components,n_components_sd,n_clusters,n_clusters_sd,free_cation_frac,mean_cluster_size,max_cluster_size,largest_cluster_frac,percolating_frac,mean_cluster_charge
el02617350b870,34,36,Li,TFSI,[Li+].[N-](S(=O)(=O)C(F)(F)F)S(=O)(=O)C(F)(F)F,CCC(C)CC(C)=O,0.7,0.5971739682344879,-14.689433109358871,706,64,11.03125,16556,6.1585,5.624829999999999,-0.0,0.8,prod,True,0.9221467181043099,383.122,4.1895,0.3992,4.5888,0.7355,0.2419,0.0226,2.07,3.03,True,401.0,2.77,True,2.13,110.095,3.255,15.796,2.769,0.7429,2.137,3.109,0.0243,0.0,-0.0531
el062b42f57acd,33,35,Li,TFSI,[Li+].[N-](S(=O)(=O)C(F)(F)F)S(=O)(=O)C(F)(F)F,COC(=O)CC1CCCCCC(C)C1,1.5,1.4913584235536657,-0.5761050964222895,161,64,2.515625,6820,4.7768,4.14587,0.0,0.8,prod,True,1.1667739732054985,673.686,1.9735,2.7958,4.7693,0.062,0.2002,0.7378,2.05,2.85,True,401.0,3.01,True,2.11,16.841,1.034,12.905,1.153,0.0615,9.689,32.493,0.2538,0.0,-0.3086
el06d31c59a7fa,126,128,Li,ClO4,[Li+].[O-]Cl(=O)(=O)=O,CCC1CC(C)(CC)C(=O)CC1(C)C,0.39,0.35830653894508596,-8.126528475618986,815,64,12.734375,31354,7.4843,6.668959999999999,0.0,0.8,prod,True,0.9247363307976265,204.232,3.2376,1.3209,4.5586,0.159,0.6201,0.2209,2.05,3.05,True,401.0,2.75,True,2.05,62.075,1.449,43.303,1.439,0.1632,2.523,6.0,0.0469,0.0,-0.0494
el06eb2d7bbf69,46,48,Li,TFSI,[Li+].[N-](S(=O)(=O)C(F)(F)F)S(=O)(=O)C(F)(F)F,CCC1(OC(=O)OC)CCC(C)C1,0.83,0.850170497023047,2.4301803642225392,356,64,5.5625,12060,5.8185,5.000049999999999,-0.0,0.8,prod,True,1.1201747963129296,472.827,2.7023,2.019,4.7214,0.1095,0.453,0.4376,2.05,3.13,True,401.0,2.87,True,2.11,44.95,0.758,35.866,0.717,0.1096,3.317,8.96,0.07,0.0,-0.1379
el0b55ee200037,76,78,Li,BF4,[Li+].[B-](F)(F)(F)F,CCC1COC(C)C2CCC2C1C,0.79,0.7338272723371122,-7.110471856061751,425,64,6.640625,15259,5.9151,5.251439999999999,-0.0,0.8,prod,True,0.9578310305965011,351.276,1.3936,3.0523,4.446,0.0,0.1178,0.8822,2.01,2.81,True,401.0,2.81,True,2.05,16.418,0.795,16.413,0.781,0.0,7.815,21.93,0.1713,0.0,0.0003
el0c5fa3ee9ef6,91,93,Li,BF4,[Li+].[B-](F)(F)(F)F,COC(=O)C1CC(C)(F)CC1CF,1.01,1.1238304712076126,11.270343683922038,311,64,4.859375,8781,5.45,4.55592,-0.0,0.8,prod,True,1.159656690029356,525.76,2.2775,2.7261,5.0036,0.0039,0.2959,0.7002,2.07,2.85,True,401.0,2.89,True,2.07,24.085,1.315,23.637,1.655,0.0038,5.422,18.438,0.144,0.0,-0.0018
el0d3cc76cbee4,31,33,Li,TFSI,[Li+].[N-](S(=O)(=O)C(F)(F)F)S(=O)(=O)C(F)(F)F,CCCCC(C)(CC)CCC(C)=O,0.52,0.45040895191072444,-13.382893863322225,609,64,9.515625,23557,6.7999,6.179319999999999,0.0,0.8,prod,True,0.9172892615134297,254.037,3.681,1.1895,4.8705,0.4041,0.3923,0.2035,2.07,3.03,True,401.0,2.83,True,2.11,77.279,2.316,29.886,1.975,0.4097,2.701,6.682,0.0522,0.0,-0.1663
el0fe82d94cf10,71,73,Li,Beti,[Li+].[N-](S(=O)(=O)C(F)(F)C(F)(F)F)S(=O)(=O)C(F)(F)C(F)(F)F,CC1CC2CCCC3(CCCC3=O)C12,0.79,0.7909212475328706,0.1166136117557715,345,64,5.390625,13138,5.9151,5.121909999999999,-0.0,0.8,prod,True,1.07719234568145,425.149,2.6986,1.7075,4.4061,0.1911,0.4612,0.3477,2.05,2.99,True,401.0,2.91,True,2.17,52.378,2.644,32.229,1.465,0.1923,3.354,9.443,0.0738,0.0,-0.1392
el1138d9933490,124,126,Li,PF6,[Li+].F[P-](F)(F)(F)(F)F,COCCC(C(C)C)C(C)C,0.97,0.8077642605397288,-16.725333964976407,381,64,5.953125,13085,5.5239,5.086059999999999,0.0,0.8,prod,True,0.8886894950455955,402.613,2.2599,2.2424,4.5022,0.0059,0.3469,0.6472,2.01,2.75,True,401.0,2.73,True,2.09,31.567,1.819,30.861,1.577,0.0057,4.136,12.522,0.0978,0.0,-0.0005
el151002b0db1c,61,63,Li,Beti,[Li+].[N-](S(=O)(=O)C(F)(F)C(F)(F)F)S(=O)(=O)C(F)(F)C(F)(F)F,CCOC(C)OC(=O)OC,0.43,0.4555048718088107,5.931365536932726,906,64,14.15625,21340,7.2446,6.156189999999999,0.0,0.8,prod,True,1.1329307961836341,289.571,3.6275,1.0668,4.6943,0.2226,0.6882,0.0892,2.05,2.77,True,401.0,2.89,True,2.19,72.09,1.673,45.507,1.297,0.2174,2.229,4.517,0.0353,0.0,-0.0271
el174db485fccc,84,86,Li,BF4,[Li+].[B-](F)(F)(F)F,CCC12CC1OC(=O)CCCCC2C,1.06,1.0654068806822603,0.5100830832320992,290,64,4.53125,10244,5.3629,4.637719999999999,-0.0,0.8,prod,True,1.0381504139981264,475.663,2.4762,2.5519,5.0281,0.0503,0.3307,0.6189,2.07,2.93,True,401.0,2.75,True,2.05,35.9,0.92,32.562,0.689,0.0516,3.83,10.672,0.0834,0.0,-0.1004
el19ab8c4f0365,44,46,Li,TFSI,[Li+].[N-](S(=O)(=O)C(F)(F)F)S(=O)(=O)C(F)(F)F,CC(CF)C1(CF)CCOC1,0.34,0.36767494450699933,8.139689560882148,1081,64,16.890625,28049,7.8345,6.611829999999999,-0.0,0.8,prod,True,1.1259230160961906,243.62,3.2185,1.0596,4.2781,0.2799,0.6043,0.1158,2.01,2.89,True,401.0,2.85,True,2.11,75.672,2.781,42.413,2.177,0.2813,2.235,4.199,0.0328,0.0,-0.0637
el1dbbf308a0dd,100,102,Li,PF6,[Li+].F[P-](F)(F)(F)(F)F,CC12CCCC1(C)C(C(=O)C#N)CC2,0.61,0.6291213098851702,3.1346409647820077,519,64,8.109375,16601,6.4476,5.527959999999999,0.0,0.8,prod,True,1.0507458957982507,329.542,1.8938,2.774,6.0772,0.0489,0.4548,0.4963,2.13,3.13,True,401.0,2.91,True,2.11,38.378,1.8,33.05,0.88,0.0512,3.714,9.552,0.0746,0.0,-0.0369
el2183aad06a0f,21,23,Li,FSI,[Li+].[N-](S(=O)(=O)F)S(=O)(=O)F,CC(=O)CC1C(C)C2CCC1(C#N)C2,0.48,0.48666556417952983,1.3886592040687185,660,64,10.3125,21100,6.9838,6.021889999999999,0.0,0.8,prod,True,1.022255983505309,286.054,2.7611,0.5368,4.9007,0.6592,0.2764,0.0644,2.07,3.03,True,401.0,2.99,True,2.19,102.219,2.253,19.398,1.289,0.6611,2.331,3.637,0.0284,0.0,-0.0943
el2316e82aa087,81,83,Li,BF4,[Li+].[B-](F)(F)(F)F,CC1CC2CCCC3(CCCC3=O)C12,0.92,0.9237579756450048,0.40847561358747786,343,64,5.359375,12046,5.6222,4.86359,-0.0,0.8,prod,True,1.0380868230593363,420.598,2.3918,2.4732,4.8649,0.0941,0.4229,0.483,2.05,2.99,True,401.0,2.87,True,2.07,41.055,0.761,31.02,0.14,0.0941,3.803,11.98,0.0936,0.0,-0.0646
el236676f27590,5,7,Li,FSI,[Li+].[N-](S(=O)(=O)F)S(=O)(=O)F,CCC(=O)C(CCC(C)C)OC,1.19,1.0992920250141267,-7.622518906375904,271,64,4.234375,9312,5.1601,4.58957,-0.0,0.8,prod,True,1.001562301261087,567.965,3.787,1.3515,5.1385,0.3614,0.3198,0.3188,2.07,2.97,True,401.0,2.97,True,2.17,65.592,3.844,24.343,2.162,0.3616,3.579,9.045,0.0707,0.0,-0.2082
el24cdf75b1238,70,72,Li,Beti,[Li+].[N-](S(=O)(=O)C(F)(F)C(F)(F)F)S(=O)(=O)C(F)(F)C(F)(F)F,COC(=O)OCC(=O)C(=O)C(C)C,1.1,1.1879267892397825,7.993344476343851,232,64,3.625,7208,5.2971,4.47246,-0.0,0.8,prod,True,1.2320595275359154,684.741,4.0002,1.3795,5.3798,0.1881,0.6012,0.2107,2.09,3.07,True,401.0,2.93,True,2.21,64.333,2.502,42.294,1.77,0.1946,2.508,5.478,0.0428,0.0,-0.0678
el2520af5e6019,137,139,Li,ClO4,[Li+].[O-]Cl(=O)(=O)=O,CCCC(F)C(=O)CC,1.28,1.2045912277471202,-5.891310332256233,348,64,5.4375,8040,5.0362,4.45174,0.0,0.8,prod,True,0.9855022517089331,573.267,2.3716,2.3707,4.7423,0.0191,0.237,0.7439,2.07,2.97,True,401.0,2.69,True,2.05,27.08,2.627,24.801,3.215,0.0204,5.146,22.831,0.1784,0.0,-0.0158
el268660d5c8bc,107,109,Li,PF6,[Li+].F[P-](F)(F)(F)(F)F,CCCCC(C)C(=O)OOCF,1.01,1.048442442630978,3.806182438710689,323,64,5.046875,9233,5.45,4.662599999999999,0.0,0.8,prod,True,1.0898006411024368,539.817,3.4561,1.6549,5.111,0.2475,0.4782,0.2743,2.07,2.77,True,401.0,2.91,True,2.11,61.791,3.637,34.478,3.234,0.2447,2.935,12.085,0.0944,0.0,-0.1177
el2788879a5d04,79,81,Li,BF4,[Li+].[B-](F)(F)(F)F,CC1CCCC2CC1COC(C)(C)C2,1.23,1.1813454997231303,-3.9556504290137955,247,64,3.859375,9770,5.1035,4.48075,0.0,0.8,prod,True,0.992277948198,478.96,1.4044,3.1044,4.5088,0.0156,0.1406,0.8438,2.01,3.01,True,401.0,2.77,True,2.05,19.532,0.528,18.532,0.528,0.0156,6.858,15.015,0.1173,0.0,-0.054
el298f4dddb774,16,18,Li,FSI,[Li+].[N-](S(=O)(=O)F)S(=O)(=O)F,CCC1(C(C)(C)C)OOC1=O,1.28,1.349346935047673,5.417729300599451,272,64,4.25,7440,5.0362,4.28649,0.0,0.8,prod,True,1.155294149346657,645.154,2.7413,2.966,5.7073,0.0474,0.203,0.7496,2.15,3.09,True,401.0,3.05,True,2.19,17.816,0.727,14.632,0.8,0.0473,8.555,27.836,0.2175,0.0,-0.1959
el2bd4383c3559,89,91,Li,BF4,[Li+].[B-](F)(F)(F)F,CC1CCC(=O)CC(=O)C12CCCC2,1.23,1.2893605751010726,4.8260630163473675,250,64,3.90625,8384,5.1035,4.35196,-0.0,0.8,prod,True,1.0304907113791395,524.655,2.8275,2.3653,5.1928,0.0567,0.5343,0.4089,2.07,3.07,True,401.0,2.89,True,2.07,44.498,1.003,36.164,0.535,0.0576,3.31,9.0,0.0703,0.0,0.0266
el2d0b41ef000d,49,51,Li,TFSI,[Li+].[N-](S(=O)(=O)C(F)(F)F)S(=O)(=O)C(F)(F)F,CCCCC1CC1C1C(=O)CCC1C,0.39,0.3542022207117596,-9.17891776621549,789,64,12.328125,29428,7.4843,6.694619999999999,-0.0,0.8,prod,True,0.953341175926297,231.049,3.5988,1.3859,4.9847,0.2315,0.6066,0.1619,2.07,3.07,True,401.0,2.79,True,2.15,71.418,1.938,43.179,1.833,0.2404,2.312,4.687,0.0366,0.0,-0.0588
el312023535025,27,29,Li,TFSI,[Li+].[N-](S(=O)(=O)C(F)(F)F)S(=O)(=O)C(F)(F)F,CC1C(=O)C2CCCC2C1=O,0.92,0.9556404906205986,3.8739663718041952,386,64,6.03125,9902,5.6222,4.80889,-0.0,0.8,prod,True,1.1287495817951267,537.447,3.6942,1.5768,5.271,0.1907,0.4712,0.3381,2.09,3.07,True,401.0,2.95,True,2.13,54.741,2.052,36.294,1.201,0.1936,3.021,7.373,0.0576,0.0,-0.175
el3146290dc960,101,103,Li,PF6,[Li+].F[P-](F)(F)(F)(F)F,CSCCC(=O)CSC,1.06,1.2128601814735163,14.42077183712417,333,64,5.203125,7505,5.3629,4.441599999999999,-0.0,0.8,prod,True,1.2058898625252947,589.609,2.4159,0.0621,2.4781,0.9489,0.0507,0.0004,2.07,2.81,True,401.0,3.0,False,,124.388,1.684,3.468,1.51,0.9441,2.036,2.139,0.0167,0.0,0.0245
el32457280ad3e,43,45,Li,TFSI,[Li+].[N-](S(=O)(=O)C(F)(F)F)S(=O)(=O)C(F)(F)F,CCCC(C(C)(C)C)C1(CC)OO1,1.06,1.0021915597863973,-5.4536264352455435,266,64,4.15625,10334,5.3629,4.73325,-0.0,0.8,prod,True,1.0595440438619617,525.053,4.123,3.5581,7.6811,0.0647,0.2949,0.6404,2.13,3.95,True,401.0,2.91,True,2.09,29.438,0.976,22.662,1.391,0.0656,5.367,15.453,0.1207,0.0,-0.0697
el3869a36725aa,51,53,Li,Beti,[Li+].[N-](S(=O)(=O)C(F)(F)C(F)(F)F)S(=O)(=O)C(F)(F)C(F)(F)F,CCC1(OC(=O)OC)CCC(C)C1,1.41,1.463511611027299,3.795149718248161,165,64,2.578125,6523,4.8764,4.172,-0.0,0.8,prod,True,1.2497662502136166,691.973,2.2915,2.2405,4.532,0.0318,0.3953,0.573,2.03,2.99,True,401.0,2.99,True,2.17,31.015,1.662,28.965,1.619,0.0317,4.362,14.706,0.1149,0.0,-0.0696
el3b97cc921760,90,92,Li,BF4,[Li+].[B-](F)(F)(F)F,CCC(=O)C(C)C(CC)SC#N,0.43,0.4334003301215025,0.7907744468610423,784,64,12.25,21552,7.2446,6.259119999999999,-0.0,0.8,prod,True,1.0237821882148648,292.992,2.5902,1.902,4.8595,0.1047,0.6633,0.232,2.05,2.83,True,401.0,2.73,True,2.07,59.796,1.275,46.677,0.528,0.1049,2.461,6.0,0.0469,0.0,-0.0064
el3bc3c559df22,60,62,Li,Beti,[Li+].[N-](S(=O)(=O)C(F)(F)C(F)(F)F)S(=O)(=O)C(F)(F)C(F)(F)F,CC12CC3C4CCC35CC(C1CO5)C42,0.74,0.6019288132236602,-18.65826848328916,378,64,5.90625,13504,6.0454,5.609979999999999,-0.0,0.8,prod,True,0.8810946280868194,439.467,2.4519,0.9997,3.4516,0.4896,0.3032,0.2072,1.93,2.53,True,401.0,3.11,True,2.19,76.522,1.866,29.124,1.519,0.4445,2.77,5.945,0.0464,0.0,-0.3257
el3dd90f5d79fb,55,57,Li,Beti,[Li+].[N-](S(=O)(=O)C(F)(F)C(F)(F)F)S(=O)(=O)C(F)(F)C(F)(F)F,COCCC(C(C)C)C(C)C,0.34,0.2802934423057266,-17.56075226302159,1097,64,17.140625,37609,7.8345,7.237779999999999,0.0,0.8,prod,True,0.8689212163460338,180.024,2.6822,1.5784,4.2606,0.0501,0.6762,0.2737,2.01,2.93,True,401.0,2.89,True,2.17,52.03,3.689,47.234,1.621,0.0503,2.612,6.995,0.0546,0.0,-0.0341
el3eb110286f09,25,27,Li,TFSI,[Li+].[N-](S(=O)(=O)C(F)(F)F)S(=O)(=O)C(F)(F)F,CC12CCC3CCC(C1)C2COC3,1.1,1.15876343469242,5.3421304265836325,263,64,4.109375,9703,5.2971,4.50967,-0.0,0.8,prod,True,1.1475500563710175,522.904,1.8388,2.3881,4.2269,0.0007,0.2952,0.7041,2.01,2.77,True,401.0,2.91,True,2.09,23.741,0.617,23.701,0.639,0.0005,5.403,14.01,0.1095,0.0,-0.0009
el414a179bb393,29,31,Li,TFSI,[Li+].[N-](S(=O)(=O)C(F)(F)F)S(=O)(=O)C(F)(F)F,CC1CC2CC(C2)C(C)C(=O)OC1C,1.32,1.3028122519163887,-1.3021021275463138,192,64,3.0,7552,4.9848,4.33693,-0.0,0.8,prod,True,1.110909944420987,635.646,2.0245,2.9027,4.9272,0.0195,0.2655,0.715,2.09,2.99,True,401.0,3.01,True,2.11,20.289,1.248,19.04,1.201,0.0194,6.684,18.582,0.1452,0.0,-0.0654
el466b3a70fad0,109,111,Li,PF6,[Li+].F[P-](F)(F)(F)(F)F,CCC(C)C(CC#N)CCCC(C)=O,1.06,0.9970576662928579,-5.9379560101077535,280,64,4.375,10312,5.3629,4.741359999999999,0.0,0.8,prod,True,0.9920943164472213,501.219,1.9505,1.5616,5.2267,0.3401,0.5004,0.1594,2.07,3.09,True,401.0,2.71,True,2.15,77.015,2.769,35.109,1.855,0.3584,2.453,4.985,0.0389,0.0,-0.1139
el470d3e924b56,10,12,Li,FSI,[Li+].[N-](S(=O)(=O)F)S(=O)(=O)F,CCC1CCC2C3CCC3OC(=O)C12,1.14,1.2243851398742096,7.402205252123658,253,64,3.953125,8736,5.2344,4.42762,-0.0,0.8,prod,True,1.144877107816992,573.089,3.6342,2.155,5.7892,0.1183,0.3271,0.5546,2.11,3.17,True,401.0,2.97,True,2.17,36.03,1.192,21.368,1.09,0.1186,5.317,23.826,0.1861,0.0,-0.024
el471f225c094c,130,132,Li,ClO4,[Li+].[O-]Cl(=O)(=O)=O,CCCCC(=O)C(C)(C)C(C)C,0.79,0.6810731786559245,-13.788205233427279,452,64,7.0625,15752,5.9151,5.3836699999999995,0.0,0.8,prod,True,0.8839237297970023,361.986,2.5068,1.6577,4.1645,0.0809,0.4415,0.4776,2.05,2.79,True,401.0,2.65,True,2.03,45.199,0.399,35.841,0.392,0.0808,3.31,10.0,0.0781,0.0,-0.0276
el4bf030141572,19,21,Li,FSI,[Li+].[N-](S(=O)(=O)F)S(=O)(=O)F,CCC(C)C(OOC)C(C)C(C)C,1.32,1.187536429166503,-10.035119002537662,220,64,3.4375,8780,4.9848,4.472949999999999,-0.0,0.8,prod,True,0.989464005489694,571.633,3.1105,2.6898,5.8003,0.0289,0.3488,0.6223,2.09,3.13,True,401.0,2.93,True,2.17,25.348,1.338,23.438,1.158,0.0297,5.393,16.706,0.1305,0.0,-0.0812
el4c1cced8c37d,119,121,Li,PF6,[Li+].F[P-](F)(F)(F)(F)F,CC(=O)C(C)(C)C(C)C#N,1.28,1.2331625489761953,-3.6591758612347474,318,64,4.96875,7826,5.0362,4.417089999999999,-0.0,0.8,prod,True,1.0414221905471568,590.409,2.5118,1.1377,5.149,0.4197,0.4593,0.1209,2.07,3.11,True,401.0,2.79,True,2.13,84.652,4.167,30.507,1.885,0.4439,2.423,5.721,0.0447,0.0,-0.0877
el4d9657628603,127,129,Li,ClO4,[Li+].[O-]Cl(=O)(=O)=O,CC1CC(C)(C)C(=O)CC1C(C)(C)C,0.92,0.8499053016424809,-7.618988951904253,334,64,5.21875,13076,5.6222,5.000569999999999,0.0,0.8,prod,True,0.9614479890899436,392.743,2.4646,1.9013,4.366,0.024,0.4494,0.5267,2.05,2.77,True,401.0,2.63,True,2.05,35.716,0.843,29.97,0.372,0.0257,4.08,13.985,0.1093,0.0,0.0822
el4e7256a035dd,135,137,Li,ClO4,[Li+].[O-]Cl(=O)(=O)=O,CCCC(=O)CC(CC#N)C(C)(C)C,1.5,1.4124702549661825,-5.835316335587834,198,64,3.09375,7314,4.7768,4.221659999999999,0.0,0.8,prod,True,0.9919607274472201,581.63,1.5958,1.5759,4.5057,0.1277,0.3862,0.4861,2.05,2.71,True,401.0,2.77,True,2.05,45.896,1.211,29.761,1.231,0.1266,3.763,10.139,0.0792,0.0,-0.0019
el4e7b20fdc6c9,9,11,Li,FSI,[Li+].[N-](S(=O)(=O)F)S(=O)(=O)F,CC(=O)C1C2CCC(CSC2)C1C,0.3,0.31203822119200997,4.0127403973366595,1040,64,16.25,32880,8.1683,6.983509999999999,0.0,0.8,prod,True,1.0173547940124932,209.017,3.0381,0.5784,3.6165,0.6792,0.2491,0.0717,2.07,2.99,True,401.0,2.83,True,2.19,103.09,1.924,18.428,1.232,0.6819,2.352,4.741,0.037,0.0,-0.141
el501f72c1362c,13,15,Li,FSI,[Li+].[N-](S(=O)(=O)F)S(=O)(=O)F,CCCC1(C)CC(=O)C12CCCC2C,0.57,0.5435873086365469,-4.633805502360182,542,64,8.46875,20152,6.595,5.803899999999999,0.0,0.8,prod,True,0.9949850294284818,303.458,2.8899,2.2019,5.0918,0.0415,0.5058,0.4528,2.09,3.17,True,401.0,3.03,True,2.19,41.114,1.084,33.149,1.707,0.042,3.628,13.502,0.1055,0.0,0.079
el50816680a48b,18,20,Li,FSI,[Li+].[N-](S(=O)(=O)F)S(=O)(=O)F,CCC(C)(C)CCC(=O)N1CCCO1,0.48,0.46335633590729924,-3.467430019312654,634,64,9.90625,22830,6.9838,6.121219999999999,0.0,0.8,prod,True,0.9820264238413493,256.42,2.8014,1.2039,5.1909,0.2647,0.541,0.1943,2.09,2.93,True,401.0,2.91,True,2.19,69.109,1.512,34.373,0.878,0.2642,2.714,6.284,0.0491,0.0,0.0269
el5884842047fd,39,41,Li,TFSI,[Li+].[N-](S(=O)(=O)C(F)(F)F)S(=O)(=O)C(F)(F)F,CC1CC(C)(C)C(=O)CC1C(C)(C)C,0.61,0.5747832915532759,-5.773230892905588,479,64,7.484375,19226,6.4476,5.696939999999999,0.0,0.8,prod,True,0.9973748169700187,311.312,3.167,1.523,4.69,0.2507,0.4883,0.2609,2.05,2.79,True,401.0,2.99,True,2.13,64.254,1.185,36.602,1.456,0.2459,2.744,6.0,0.0469,0.0,-0.1043
el58f3af94d1b3,80,82,Li,BF4,[Li+].[B-](F)(F)(F)F,CC(C)CCOC(=O)C(C)(C)F,0.74,0.7027407096594225,-5.035039235213177,471,64,7.359375,14043,6.0454,5.327759999999999,0.0,0.8,prod,True,0.976167270257962,394.823,2.5571,2.5789,5.136,0.0179,0.4257,0.5563,2.07,2.91,True,401.0,2.93,True,2.07,37.224,1.625,36.025,0.872,0.0179,3.522,12.0,0.0938,0.0,-0.03
el592c57d0a230,114,116,Li,PF6,[Li+].F[P-](F)(F)(F)(F)F,CCCCCC(=O)OC(C)CCC,0.66,0.5755709784558501,-12.79227599153786,490,64,7.65625,17662,6.2804,5.6943399999999995,0.0,0.8,prod,True,0.9053987880374754,335.906,2.9417,2.3513,5.2929,0.0625,0.6403,0.2973,2.05,3.03,True,401.0,2.93,True,2.13,49.582,2.236,42.408,2.31,0.0657,2.856,9.995,0.0781,0.0,-0.03
el5955dd391dde,68,70,Li,Beti,[Li+].[N-](S(=O)(=O)C(F)(F)C(F)(F)F)S(=O)(=O)C(F)(F)C(F)(F)F,CC1(C(=O)C2CCCCC2=O)CCC1,0.48,0.49343129378272726,2.7981862047348507,611,64,9.546875,20960,6.9838,5.99424,-0.0,0.8,prod,True,1.0744985209362885,291.722,3.9951,0.8433,4.8383,0.4991,0.4421,0.0589,2.07,3.11,True,401.0,2.93,True,2.21,92.403,1.29,28.174,0.99,0.5026,2.264,4.831,0.0377,0.0,-0.0035
el59832eaab72c,123,125,Li,PF6,[Li+].F[P-](F)(F)(F)(F)F,CC(=O)CCC1CCC(C)O1,1.19,1.1733692970275251,-1.3975380649138505,308,64,4.8125,8828,5.1601,4.49088,-0.0,0.8,prod,True,1.0633707598682098,535.646,3.862,0.7801,4.6421,0.5849,0.356,0.059,2.05,2.97,True,401.0,2.65,True,2.09,98.965,2.813,23.398,2.286,0.6,2.242,3.965,0.031,0.0,-0.0516
el655167388e4d,69,71,Li,Beti,[Li+].[N-](S(=O)(=O)C(F)(F)C(F)(F)F)S(=O)(=O)C(F)(F)C(F)(F)F,CCCC1CC2(CCCCC2)CO1,0.34,0.3137738283907583,-7.713579885071098,953,64,14.890625,34763,7.8345,6.970609999999999,0.0,0.8,prod,True,0.9739383021892586,188.924,2.6538,1.4934,4.1472,0.0982,0.7357,0.166,2.01,2.97,True,401.0,3.01,True,2.17,61.498,3.118,48.706,1.472,0.0983,2.365,4.015,0.0314,0.0,0.0041
el65e3da351cbb,67,69,Li,Beti,[Li+].[N-](S(=O)(=O)C(F)(F)C(F)(F)F)S(=O)(=O)C(F)(F)C(F)(F)F,CCCC(=O)C(C)C(C)C(C)C(C)C,1.01,0.91965053904985,-8.945491183183174,246,64,3.84375,11248,5.45,4.87082,0.0,0.8,prod,True,1.0463092396995617,494.696,2.4292,1.7986,4.2278,0.1431,0.4921,0.3648,2.03,2.87,True,401.0,2.95,True,2.17,49.687,0.838,32.234,0.654,0.1424,3.431,9.97,0.0779,0.0,-0.0239
el6643f0efc1bf,35,37,Li,TFSI,[Li+].[N-](S(=O)(=O)C(F)(F)F)S(=O)(=O)C(F)(F)F,CCC(=O)C(CCC(C)C)OC,0.74,0.6773259227024383,-8.469469905075904,439,64,6.859375,15072,6.0454,5.393579999999999,-0.0,0.8,prod,True,0.9930500181661466,405.169,4.703,0.5295,5.2325,0.6698,0.2663,0.0639,2.07,3.19,True,401.0,2.75,True,2.11,103.552,5.548,17.358,4.372,0.6754,2.422,4.881,0.0381,0.0,-0.0072
el68fdf80c2fad,88,90,Li,BF4,[Li+].[B-](F)(F)(F)F,CCC(CC)C(C)C(=O)OC(C)C,1.5,1.3002022662118473,-13.319848919210179,210,64,3.28125,7734,4.7768,4.33983,-0.0,0.8,prod,True,0.9289156480493433,586.331,1.9417,2.8407,4.7824,0.0059,0.2943,0.6998,2.05,2.81,True,401.0,2.69,True,2.05,21.468,0.684,21.065,0.4,0.0062,6.06,16.199,0.1266,0.0,-0.0186
el6b63aa53b857,133,135,Li,ClO4,[Li+].[O-]Cl(=O)(=O)=O,FCC1OCCO1,0.43,0.5080799192230987,18.15812074955784,1365,64,21.328125,19494,7.2446,5.936069999999999,0.0,0.8,prod,True,1.1981184824640836,315.618,2.1739,2.3186,4.4925,0.0087,0.143,0.8482,2.05,2.89,True,401.0,2.81,True,2.05,23.965,1.755,22.318,1.064,0.0089,5.674,14.776,0.1154,0.0,0.0219
el6db8c1a07d30,131,133,Li,ClO4,[Li+].[O-]Cl(=O)(=O)=O,CCCCCC(F)C(=O)CN(C)C,0.79,0.7498397639916038,-5.083574178278004,407,64,6.359375,13815,5.9151,5.21379,0.0,0.8,prod,True,0.984209763834478,378.4,2.2923,0.8854,5.1454,0.3189,0.6049,0.0763,2.13,3.31,True,401.0,2.79,True,2.07,79.512,1.85,35.209,1.534,0.3217,2.379,5.925,0.0463,0.0,0.089
el6f84d3a04935,20,22,Li,FSI,[Li+].[N-](S(=O)(=O)F)S(=O)(=O)F,CCC(CC)OC1CC(=O)CC1CC,0.34,0.3175567540041896,-6.6009547046501265,914,64,14.28125,33544,7.8345,6.942819999999999,0.0,0.8,prod,True,0.9522716588988126,204.282,4.0084,0.8999,4.9084,0.5001,0.3898,0.1101,2.07,3.13,True,401.0,2.99,True,2.19,89.547,2.435,26.98,1.845,0.5025,2.427,4.234,0.0331,0.0,-0.0644
el7028b6a30df3,23,25,Li,FSI,[Li+].[N-](S(=O)(=O)F)S(=O)(=O)F,CCC12CC(CCCCC1=O)C2,0.88,0.8782203895660706,-0.20222845840106585,395,64,6.171875,12490,5.7062,4.9462399999999995,0.0,0.8,prod,True,1.055747858229232,450.559,2.903,1.6361,4.5391,0.2682,0.4255,0.3063,2.05,2.89,True,401.0,2.95,True,2.19,58.527,1.98,27.652,1.233,0.2671,3.516,11.065,0.0864,0.0,-0.1205
el71285b44c623,113,115,Li,PF6,[Li+].F[P-](F)(F)(F)(F)F,COC(=O)CC1CCCCCC(C)C1,1.19,1.1735103985969904,-1.3856807901688732,242,64,3.78125,9224,5.1601,4.4907,0.0,0.8,prod,True,1.0507826732916907,515.872,2.4819,2.7903,5.2722,0.0235,0.5168,0.4596,2.05,2.95,True,401.0,3.01,True,2.11,32.662,1.588,30.224,1.256,0.0231,4.161,14.303,0.1117,0.0,-0.0171
el74a3497659b7,115,117,Li,PF6,[Li+].F[P-](F)(F)(F)(F)F,COC(=O)C(C)C(C)S(=O)(=O)F,0.7,0.8327030671286946,18.957581018384946,432,64,6.75,10448,6.1585,5.03477,0.0,0.8,prod,True,1.1615132386427212,483.847,4.271,1.2078,5.4788,0.2847,0.54,0.1753,2.09,2.99,True,401.0,2.77,True,2.15,73.214,2.178,34.756,1.878,0.3067,2.58,5.677,0.0443,0.0,-0.0231
el7597ba7690c5,1,3,Li,FSI,[Li+].[N-](S(=O)(=O)F)S(=O)(=O)F,CC1C(=O)C2CCCC2C1=O,1.32,1.4511009962660684,9.931893656520325,272,64,4.25,6896,4.9848,4.18386,-0.0,0.8,prod,True,1.1901981240899442,669.67,3.434,1.7522,5.1863,0.0716,0.498,0.4304,2.09,2.97,True,401.0,3.13,True,2.21,38.294,1.918,29.761,1.401,0.0661,4.022,27.851,0.2176,0.0,0.0026
el794cf0ef024c,15,17,Li,FSI,[Li+].[N-](S(=O)(=O)F)S(=O)(=O)F,CCC1(C#N)CCCCC(=O)O1,1.1,1.1786918979872796,7.153808907934499,306,64,4.78125,8290,5.2971,4.48411,0.0,0.8,prod,True,1.0775652894709562,604.461,2.2157,2.0881,5.3867,0.1189,0.3821,0.499,2.13,2.91,True,401.0,3.07,True,2.19,36.547,1.15,24.816,0.893,0.1182,4.691,15.512,0.1212,0.0,-0.137
el7c816e5f3886,37,39,Li,TFSI,[Li+].[N-](S(=O)(=O)C(F)(F)F)S(=O)(=O)C(F)(F)F,CCCCC(=O)C(C)C(C)OC,0.83,0.7593992962023899,-8.506108891278323,385,64,6.015625,13344,5.8185,5.19182,0.0,0.8,prod,True,1.010095921239224,435.679,3.932,0.6871,4.6191,0.6572,0.2172,0.1255,2.05,2.97,True,401.0,2.77,True,2.13,97.254,4.677,19.124,3.295,0.6603,2.615,6.154,0.0481,0.0,-0.338
el7d16d0ee816d,143,145,Li,ClO4,[Li+].[O-]Cl(=O)(=O)=O,CCC(=O)C(CCC(C)C)OC,1.41,1.2882679519115467,-8.633478587833558,240,64,3.75,8064,4.8764,4.35319,-0.0,0.8,prod,True,0.9683862096489684,578.615,3.2792,1.6827,4.962,0.1876,0.2952,0.5172,2.07,3.07,True,401.0,2.81,True,2.05,44.711,2.873,23.96,1.132,0.1891,4.48,13.886,0.1085,0.0,-0.1453
el81f19c4be9e0,58,60,Li,Beti,[Li+].[N-](S(=O)(=O)C(F)(F)C(F)(F)F)S(=O)(=O)C(F)(F)C(F)(F)F,CCC(CC)CC(=O)C(C)CC,0.57,0.48699544278975304,-14.562203019341563,574,64,8.96875,20924,6.595,6.020529999999999,-0.0,0.8,prod,True,0.9304056288257346,284.764,3.0767,1.2381,4.3148,0.2784,0.5694,0.1522,2.05,2.91,True,401.0,2.99,True,2.17,73.358,3.303,40.124,0.739,0.2778,2.363,5.239,0.0409,0.0,-0.058
el838b41ea013e,8,10,Li,FSI,[Li+].[N-](S(=O)(=O)F)S(=O)(=O)F,CCCC(=O)OSC,1.46,1.5865710402615207,8.669249332980874,274,64,4.28125,5572,4.8201,4.06122,0.0,0.8,prod,True,1.2017734850755752,783.295,2.7372,2.0274,4.7645,0.0696,0.3798,0.5507,2.07,3.01,True,401.0,3.05,True,2.17,31.876,2.259,24.418,2.317,0.0688,4.978,22.378,0.1748,0.0,-0.0551
el84ec76818973,116,118,Li,PF6,[Li+].F[P-](F)(F)(F)(F)F,CCCC(CCC(F)F)C(=O)OC,0.52,0.5403381742950607,3.911187364434747,604,64,9.4375,18028,6.7999,5.815509999999999,0.0,0.8,prod,True,1.06943605825859,335.007,2.9669,2.0524,5.0193,0.1295,0.6301,0.2405,2.05,2.91,True,401.0,2.99,True,2.13,55.98,2.447,41.667,1.616,0.127,2.732,7.95,0.0621,0.0,-0.047
el8709a6d4b697,59,61,Li,Beti,[Li+].[N-](S(=O)(=O)C(F)(F)C(F)(F)F)S(=O)(=O)C(F)(F)C(F)(F)F,CCCCCC(C#N)(CC)C(C)=O,0.97,0.8887329798224729,-8.378043317270834,284,64,4.4375,10496,5.5239,4.926659999999999,-0.0,0.8,prod,True,1.0266843549156768,545.479,1.5736,1.5264,4.8396,0.1727,0.5333,0.294,2.09,2.83,True,401.0,2.99,True,2.19,56.612,2.292,39.642,2.179,0.1656,2.806,7.647,0.0597,0.0,-0.1058
el88539cc97723,30,32,Li,TFSI,[Li+].[N-](S(=O)(=O)C(F)(F)F)S(=O)(=O)C(F)(F)F,CCCC(=O)OSC,0.43,0.4544985940450179,5.697347452329749,1029,64,16.078125,19546,7.2446,6.160729999999999,0.0,0.8,prod,True,1.1124095844772013,332.591,3.322,1.4559,4.778,0.1993,0.6041,0.1965,2.07,2.99,True,401.0,3.13,True,2.13,65.065,3.18,43.259,2.569,0.1981,2.457,5.199,0.0406,0.0,-0.0836
el8a2fcb8785a2,82,84,Li,BF4,[Li+].[B-](F)(F)(F)F,CC(C)C(C)CCCC(=O)C#N,0.66,0.5893786779919787,-10.70020030424565,559,64,8.734375,16595,6.2804,5.649519999999999,0.0,0.8,prod,True,0.9171856499918811,323.181,1.2654,3.4089,5.4776,0.0001,0.0623,0.9376,2.13,2.93,True,401.0,2.81,True,2.05,16.577,2.3,16.323,1.95,0.0003,7.935,17.05,0.1332,0.0,0.0114
el8cc5e371d812,72,74,Li,Beti,[Li+].[N-](S(=O)(=O)C(F)(F)C(F)(F)F)S(=O)(=O)C(F)(F)C(F)(F)F,CCC1CCCC(=O)C1Cl,0.61,0.6634693278763216,8.765463586282236,562,64,8.78125,14334,6.4476,5.430869999999999,-0.0,0.8,prod,True,1.1897274397876312,420.443,4.0103,0.7906,4.8008,0.5312,0.3545,0.1143,2.09,3.09,True,401.0,2.97,True,2.21,91.085,6.067,26.567,2.812,0.5343,2.385,4.398,0.0344,0.0,-0.1444
el8f3de7778088,94,96,Li,BF4,[Li+].[B-](F)(F)(F)F,CCC(=O)C(CCC(C)C)OC,0.97,0.8650843756148124,-10.816043751050263,363,64,5.671875,12000,5.5239,4.971149999999999,-0.0,0.8,prod,True,0.9210562597876335,427.558,3.7474,1.5697,5.3171,0.278,0.5382,0.1838,2.07,3.09,True,401.0,2.83,True,2.07,69.761,1.309,39.453,0.638,0.2788,2.477,5.005,0.0391,0.0,-0.1362
el917865322815,73,75,Li,Beti,[Li+].[N-](S(=O)(=O)C(F)(F)C(F)(F)F)S(=O)(=O)C(F)(F)C(F)(F)F,CC(=O)CCC1CCC(C)O1,1.19,1.1924883183264032,0.20910238037002377,251,64,3.921875,8185,5.1601,4.466749999999999,-0.0,0.8,prod,True,1.1925035135140551,615.74,3.8796,0.6397,4.5192,0.6176,0.2925,0.0899,2.05,3.13,True,401.0,2.73,True,2.19,98.567,2.707,20.507,1.737,0.6329,2.44,5.124,0.04,0.0,-0.1453
el92a0cd8521dc,57,59,Li,Beti,[Li+].[N-](S(=O)(=O)C(F)(F)C(F)(F)F)S(=O)(=O)C(F)(F)C(F)(F)F,CC(=O)CCC(C)(C)C(C)C(C)C,0.3,0.25994848276690913,-13.350505744363621,1078,64,16.84375,41294,8.1683,7.421879999999999,-0.0,0.8,prod,True,0.908539333060589,164.891,4.6087,0.1729,4.7816,0.8695,0.1289,0.0016,2.07,3.05,True,401.0,2.69,True,2.21,120.189,2.089,7.637,1.94,0.879,2.02,2.164,0.0169,0.0,0.003
el9329f8de0c3f,54,56,Li,Beti,[Li+].[N-](S(=O)(=O)C(F)(F)C(F)(F)F)S(=O)(=O)C(F)(F)C(F)(F)F,CCCCC(=O)C(C)C(C)OC,0.43,0.3891028556154776,-9.510963810354047,779,64,12.171875,26336,7.2446,6.488159999999999,0.0,0.8,prod,True,0.9622494265958771,255.396,4.4744,0.0663,4.5407,0.9462,0.0538,0.0,2.05,3.19,True,401.0,2.63,True,2.19,124.871,1.791,3.129,1.791,0.9511,2.0,2.0,0.0156,0.0,0.0
el94b8eba5f007,93,95,Li,BF4,[Li+].[B-](F)(F)(F)F,CCCC(C(C)C)C(C)C(=O)OC,0.88,0.7830064340107328,-11.021996135144004,371,64,5.796875,13369,5.7062,5.13911,0.0,0.8,prod,True,0.9190078085346642,409.742,2.4751,2.4928,4.9679,0.0087,0.5031,0.4882,2.05,2.95,True,401.0,2.73,True,2.07,38.0,1.205,36.154,0.591,0.0089,3.49,12.0,0.0938,0.0,0.0195
el95d8465bee30,11,13,Li,FSI,[Li+].[N-](S(=O)(=O)F)S(=O)(=O)F,CCC(CCC(C)C(C)C)OC,0.43,0.3506939250348378,-18.443273247712135,823,64,12.859375,30268,7.2446,6.716869999999999,0.0,0.8,prod,True,0.8420048844859455,227.04,1.7672,2.3769,4.1441,0.001,0.3867,0.6123,2.01,2.77,True,401.0,2.99,True,2.15,32.373,2.573,31.512,2.417,0.0008,4.059,14.512,0.1134,0.0,0.024
el95e78b5083eb,52,54,Li,Beti,[Li+].[N-](S(=O)(=O)C(F)(F)C(F)(F)F)S(=O)(=O)C(F)(F)C(F)(F)F,CCCC(C)CC(C)S(C)(=O)=O,0.83,0.8455049469557908,1.868065898288055,325,64,5.078125,11808,5.8185,5.009229999999999,-0.0,0.8,prod,True,1.133191634983761,489.689,3.788,1.392,5.18,0.2356,0.5742,0.1902,2.05,2.93,True,401.0,3.03,True,2.21,65.756,1.644,38.652,1.205,0.2307,2.612,5.095,0.0398,0.0,-0.063
el97d13ab8c60f,118,120,Li,PF6,[Li+].F[P-](F)(F)(F)(F)F,CCCC(=O)C1CCCC(=O)C1CC,1.41,1.3933134560253402,-1.1834428350822512,202,64,3.15625,7380,4.8764,4.24092,-0.0,0.8,prod,True,1.0635233700137412,579.281,3.3233,1.9863,5.3095,0.2293,0.4431,0.3275,2.07,3.07,True,401.0,2.87,True,2.09,58.547,1.356,30.682,0.791,0.235,3.265,7.965,0.0622,0.0,-0.0722
el9aa473bbbedf,120,122,Li,PF6,[Li+].F[P-](F)(F)(F)(F)F,CCCOCCC1CC(C)CCC1C,0.97,0.8513396904116273,-12.233021607048734,304,64,4.75,12672,5.5239,4.99776,-0.0,0.8,prod,True,0.9334996422054959,409.843,1.6512,2.5913,4.2425,0.0039,0.2511,0.7451,1.99,2.65,True,401.0,2.73,True,2.09,22.214,1.171,21.935,1.111,0.0036,5.837,25.617,0.2001,0.0,-0.0082
el9ab9d70e10bb,42,44,Li,TFSI,[Li+].[N-](S(=O)(=O)C(F)(F)F)S(=O)(=O)C(F)(F)F,CCCC(=O)C(C)C(C)C(C)C(C)C,0.7,0.6147417970557327,-12.179743277752461,406,64,6.34375,17264,6.1585,5.570729999999999,0.0,0.8,prod,True,0.9524387288519668,352.078,2.7601,1.6861,4.4462,0.1564,0.5683,0.2753,2.05,2.95,True,401.0,3.11,True,2.11,58.348,0.809,41.08,0.626,0.156,2.696,8.542,0.0667,0.0,-0.0658
el9bc5e1d1ef88,83,85,Li,BF4,[Li+].[B-](F)(F)(F)F,CC(C)(C)c1ccc2c(c1)ON(F)O2,1.01,1.1769351140897348,16.528229117795526,303,64,4.734375,8262,5.45,4.48634,-0.0,0.8,prod,True,1.2071952776702053,541.024,0.8064,3.8143,4.6989,0.0,0.0468,0.9532,2.17,2.85,True,401.0,2.75,True,2.03,9.512,1.725,9.214,1.312,0.0,14.139,37.846,0.2957,0.0,0.0272
el9d856546ceb0,97,99,Li,BF4,[Li+].[B-](F)(F)(F)F,CCCC1C2CCC(C)C(C)C12OC,1.01,0.8987490161362439,-11.014948897401592,305,64,4.765625,11974,5.45,4.90829,0.0,0.8,prod,True,0.9318401249113056,409.679,1.6953,2.6577,4.3529,0.0,0.2471,0.7528,2.01,2.77,True,401.0,2.81,True,2.05,27.234,1.793,27.234,1.793,0.0,4.72,15.985,0.1249,0.0,0.0
el9fe0d135300f,95,97,Li,BF4,[Li+].[B-](F)(F)(F)F,CC1C2CC(=O)C(C#N)C(C)(C)CC12,1.06,1.0292782361150454,-2.8982796117881717,297,64,4.640625,9591,5.3629,4.6913599999999995,-0.0,0.8,prod,True,0.9591224254809505,500.259,1.3481,2.2536,5.1103,0.0844,0.5016,0.4141,2.09,3.03,True,401.0,2.85,True,2.09,43.159,1.613,27.423,0.873,0.0847,4.098,13.403,0.1047,0.0,0.1781
ela0d88377e306,14,16,Li,FSI,[Li+].[N-](S(=O)(=O)F)S(=O)(=O)F,CCCC1C2CCC(C)C(C)C12OC,0.7,0.6366997044810385,-9.042899359851635,430,64,6.71875,16980,6.1585,5.505939999999999,0.0,0.8,prod,True,0.9592586510605866,334.233,1.8058,2.4015,4.2073,0.0068,0.4234,0.5698,2.01,2.95,True,401.0,2.85,True,2.15,31.418,1.504,30.542,1.012,0.0074,4.167,11.443,0.0894,0.0,-0.0027
ela352c98ee58f,50,52,Li,Beti,[Li+].[N-](S(=O)(=O)C(F)(F)C(F)(F)F)S(=O)(=O)C(F)(F)C(F)(F)F,CCC(C#N)CS(=O)(=O)CC,0.83,0.8256234015484767,-0.527301018255816,357,64,5.578125,9976,5.8185,5.04912,-0.0,0.8,prod,True,1.0991579467807615,578.425,3.1192,0.9093,5.4506,0.4639,0.3653,0.1708,2.05,2.95,True,401.0,2.99,True,2.21,83.502,2.188,26.114,1.08,0.4613,2.709,4.96,0.0388,0.0,-0.0633
ela37909e71322,22,24,Li,FSI,[Li+].[N-](S(=O)(=O)F)S(=O)(=O)F,CCCC(C)OC(=O)OC(C)=O,0.66,0.6960681450878069,5.464870467849526,516,64,8.0625,14056,6.2804,5.344729999999999,-0.0,0.8,prod,True,1.1008984398582142,425.626,4.8561,0.7603,5.6165,0.5132,0.4081,0.0786,2.09,2.99,True,401.0,2.89,True,2.19,91.09,2.797,27.065,1.937,0.5169,2.365,4.075,0.0318,0.0,-0.0784
ela4820f68ecdf,121,123,Li,PF6,[Li+].F[P-](F)(F)(F)(F)F,CCCC1CC2(CCCCC2)CO1,1.41,1.339788066597713,-4.979569744843037,218,64,3.40625,8142,4.8764,4.296659999999999,0.0,0.8,prod,True,1.0308495906208601,550.468,1.9459,2.7622,4.7082,0.0021,0.2875,0.7103,2.01,2.91,True,401.0,2.85,True,2.11,22.04,1.154,21.368,0.781,0.0032,5.967,16.841,0.1316,0.0,0.0123
ela5687bb9faf7,53,55,Li,Beti,[Li+].[N-](S(=O)(=O)C(F)(F)C(F)(F)F)S(=O)(=O)C(F)(F)C(F)(F)F,CCC(CC)C(C)C(=O)OC(C)C,1.14,1.046152189251373,-8.232264100756748,223,64,3.484375,9213,5.2344,4.6659999999999995,-0.0,0.8,prod,True,1.0908806733260463,577.96,2.1746,2.3681,4.5428,0.049,0.3928,0.5582,2.05,2.93,True,401.0,2.89,True,2.19,32.06,0.918,27.915,0.908,0.0489,4.441,16.0,0.125,0.0,-0.0759
ela5f6b4185729,45,47,Li,TFSI,[Li+].[N-](S(=O)(=O)C(F)(F)F)S(=O)(=O)C(F)(F)F,CCC(=O)C(C)C(CC)SC#N,0.83,0.8581469370783951,3.3911972383608564,358,64,5.59375,10690,5.8185,4.984509999999999,0.0,0.8,prod,True,1.1367498305046846,514.869,2.1797,1.8356,4.9719,0.1229,0.545,0.332,2.05,2.95,True,401.0,3.01,True,2.11,53.682,1.315,39.229,0.803,0.1224,2.895,6.965,0.0544,0.0,-0.0312
ela6d2d98d91bd,85,87,Li,BF4,[Li+].[B-](F)(F)(F)F,CCCC(CCC(F)F)C(=O)OC,1.14,1.172209985769915,2.8254373482381743,271,64,4.234375,8243,5.2344,4.49236,0.0,0.8,prod,True,1.075105405396627,559.443,2.2668,2.5636,4.8303,0.0071,0.4427,0.5502,2.05,2.77,True,401.0,2.89,True,2.05,31.348,1.123,29.632,1.014,0.0068,4.267,21.99,0.1718,0.0,0.0282
ela9e82ab32dba,106,108,Li,PF6,[Li+].F[P-](F)(F)(F)(F)F,COC(=O)CC1(CC(C)C)CCC1,0.92,0.8849554748844751,-3.809187512557056,346,64,5.40625,11930,5.6222,4.933659999999999,0.0,0.8,prod,True,1.01658917636727,430.775,2.8185,2.2168,5.0353,0.1012,0.5594,0.3395,2.05,2.89,True,401.0,2.77,True,2.13,48.473,2.273,37.035,1.816,0.1034,3.155,8.672,0.0677,0.0,-0.0488
elac14a9a8bf66,108,110,Li,PF6,[Li+].F[P-](F)(F)(F)(F)F,CCN1C(C)CC(=O)C12CC2C,1.14,1.1415077769308406,0.1322611342842718,301,64,4.703125,9241,5.2344,4.53228,0.0,0.8,prod,True,1.0525909350505922,516.655,2.1447,1.7355,4.4891,0.0861,0.603,0.3109,2.07,2.73,True,401.0,2.77,True,2.11,48.542,1.666,37.731,1.162,0.0854,3.108,8.756,0.0684,0.0,-0.0029
elac561a4f091a,2,4,Li,FSI,[Li+].[N-](S(=O)(=O)F)S(=O)(=O)F,CCON(C)C(C)C1CCCS1,0.66,0.665827824842004,0.8830037639399921,475,64,7.421875,15365,6.2804,5.42445,-0.0,0.8,prod,True,1.0599061523928792,396.657,1.3636,2.401,4.5233,0.0362,0.3325,0.6313,2.01,2.79,True,401.0,3.03,True,2.17,31.015,0.855,27.677,0.669,0.0344,4.507,10.99,0.0859,0.0,-0.0383
elacfce19e9bbb,6,8,Li,FSI,[Li+].[N-](S(=O)(=O)F)S(=O)(=O)F,CCC1CCCC(=O)C1Cl,0.66,0.7163317108109997,8.535107698636308,560,64,8.75,13520,6.2804,5.29385,-0.0,0.8,prod,True,1.1404713498432217,429.673,3.5725,1.4967,5.0692,0.2555,0.4728,0.2717,2.09,3.23,True,401.0,3.03,True,2.19,63.826,5.233,30.343,2.115,0.2607,3.122,8.871,0.0693,0.0,0.0022
elada724a6bc39,122,124,Li,PF6,[Li+].F[P-](F)(F)(F)(F)F,CCS(=O)(=O)CCCC(C)(C)F,1.06,1.1496308621558105,8.455741712812301,278,64,4.34375,8574,5.3629,4.52158,-0.0,0.8,prod,True,1.1122210668294827,542.187,3.3012,1.9818,5.283,0.1564,0.4998,0.3438,2.03,3.03,True,401.0,2.71,True,2.13,53.846,2.772,29.473,2.174,0.1866,3.528,14.299,0.1117,0.0,0.016
elae6508ce0781,12,14,Li,FSI,[Li+].[N-](S(=O)(=O)F)S(=O)(=O)F,CCS(=O)(=O)CCCC(C)(C)C,0.43,0.42297647795994675,-1.6333772186170332,737,64,11.515625,24224,7.2446,6.3101199999999995,-0.0,0.8,prod,True,0.986673380405997,274.565,4.0422,1.2093,5.2515,0.3118,0.4991,0.1891,2.05,2.87,True,401.0,3.05,True,2.25,71.796,1.976,33.473,1.297,0.3005,2.681,4.975,0.0389,0.0,-0.0041
elb13ed757beab,87,89,Li,BF4,[Li+].[B-](F)(F)(F)F,CCC12COC(CC1C)CC2(C)C,1.1,1.0495698096780952,-4.584562756536807,300,64,4.6875,10884,5.2971,4.660929999999999,-0.0,0.8,prod,True,0.9874155798019992,424.126,2.2087,2.7071,4.9158,0.0,0.3403,0.6597,2.01,2.91,True,401.0,2.85,True,2.07,28.254,0.537,28.249,0.526,0.0001,4.533,17.08,0.1334,0.0,-0.0002
elb222f7a4aa6d,134,136,Li,ClO4,[Li+].[O-]Cl(=O)(=O)=O,CCCCC(OC)C(CC)CC,0.97,0.7951425846756742,-18.026537662301624,360,64,5.625,13344,5.5239,5.112829999999999,0.0,0.8,npt,True,,,,,,,,,,,,,,,,,,,,,,,,,
elb2a92b38832e,103,105,Li,PF6,[Li+].F[P-](F)(F)(F)(F)F,CCC(=O)CC1OC(=O)C1C1CC1,0.92,1.006082691767676,9.356814322573468,350,64,5.46875,9962,5.6222,4.7271399999999995,-0.0,0.8,prod,True,1.131530262998751,516.378,3.8631,1.2154,5.0785,0.4733,0.2846,0.2421,2.07,2.79,True,401.0,2.81,True,2.13,78.343,1.57,21.706,1.532,0.4731,3.299,9.478,0.074,0.0,-0.1827
elb5cf8685ae08,36,38,Li,TFSI,[Li+].[N-](S(=O)(=O)C(F)(F)F)S(=O)(=O)C(F)(F)F,CCOC(=O)CC1CC1C1CCCC1,0.61,0.592800114213805,-2.8196534075729547,479,64,7.484375,17310,6.4476,5.63863,-0.0,0.8,prod,True,1.0404781097613995,361.432,3.1756,2.0502,5.2258,0.0383,0.6199,0.3418,2.07,2.97,True,401.0,3.11,True,2.15,45.109,2.279,41.96,1.529,0.0367,2.979,11.249,0.0879,0.0,-0.0367
elb7f901796225,112,114,Li,PF6,[Li+].F[P-](F)(F)(F)(F)F,CCCC1(C)CC(CC)C(=O)C1C,0.43,0.3840147319468256,-10.694248384459156,785,64,12.265625,27987,7.2446,6.516689999999999,-0.0,0.8,prod,True,0.9164084864122412,228.1,3.4818,1.4554,4.9372,0.3202,0.6087,0.0712,2.05,2.99,True,401.0,2.93,True,2.13,79.577,1.846,37.851,1.721,0.3221,2.28,5.95,0.0465,0.0,0.0133
elb88f75c93135,77,79,Li,BF4,[Li+].[B-](F)(F)(F)F,CCCCC(OC(C)=O)C(C)(C)F,0.43,0.4076002236504379,-5.209250313851647,764,64,11.9375,24832,7.2446,6.388489999999999,0.0,0.8,prod,True,0.9645793782604623,257.408,2.8175,2.1123,4.9297,0.0455,0.6455,0.309,2.05,2.89,True,401.0,2.63,True,2.07,50.234,1.327,43.542,0.766,0.0483,2.787,8.0,0.0625,0.0,0.0118
elb9543286b182,117,119,Li,PF6,[Li+].F[P-](F)(F)(F)(F)F,CCCC1(C)CC(=O)C12CCCC2C,0.92,0.8878568480610074,-3.493820862933983,329,64,5.140625,12356,5.6222,4.928279999999999,0.0,0.8,prod,True,1.0124921350430962,408.71,2.5321,2.9584,5.4906,0.0493,0.478,0.4726,2.07,3.01,True,401.0,2.81,True,2.13,37.383,0.596,31.95,0.443,0.0512,3.837,13.95,0.109,0.0,-0.0352
elbaea912bc037,32,34,Li,TFSI,[Li+].[N-](S(=O)(=O)C(F)(F)F)S(=O)(=O)C(F)(F)F,COC(=O)OCC(=O)C(=O)C(C)C,0.88,1.004462659597225,14.143484045139207,329,64,5.140625,9249,5.7062,4.729679999999999,-0.0,0.8,prod,True,1.2558328483703938,592.656,4.1416,1.4303,5.5719,0.2054,0.5524,0.2422,2.09,3.11,True,401.0,2.91,True,2.13,63.418,2.389,44.005,1.508,0.2097,2.468,5.114,0.04,0.0,-0.169
elbd1f28abb0f4,40,42,Li,TFSI,[Li+].[N-](S(=O)(=O)C(F)(F)F)S(=O)(=O)C(F)(F)F,CCCC1CC(=O)C(C(C)C)C1(C)C,1.14,1.0662343240085361,-6.470673332584542,231,64,3.609375,9802,5.2344,4.63652,-0.0,0.8,prod,True,1.054018692110555,522.305,2.4292,2.2159,4.6451,0.0789,0.4014,0.5197,2.05,2.83,True,401.0,2.93,True,2.11,38.353,1.074,30.328,1.028,0.0778,3.959,10.995,0.0859,0.0,-0.0636
elc4013212969b,86,88,Li,BF4,[Li+].[B-](F)(F)(F)F,CC1C(CS(C)(=O)=O)C1(C)C,0.43,0.4570756101269547,6.296653517896441,824,64,12.875,22632,7.2446,6.14913,-0.0,0.8,prod,True,1.0612333337095567,258.929,4.5042,1.1434,5.6475,0.2993,0.5895,0.1112,2.07,3.07,True,401.0,2.91,True,2.09,76.647,1.463,39.93,1.1,0.3046,2.287,4.741,0.037,0.0,-0.0569
elc5309b69e587,66,68,Li,Beti,[Li+].[N-](S(=O)(=O)C(F)(F)C(F)(F)F)S(=O)(=O)C(F)(F)C(F)(F)F,CCC1C(OC(C)=O)OC(=O)C1C#N,0.7,0.7282300402506151,4.032862892945022,390,64,6.09375,11158,6.1585,5.26486,0.0,0.8,prod,True,1.11111804482386,526.958,2.8994,1.0844,5.05,0.3487,0.4623,0.1889,2.09,2.93,True,401.0,3.01,True,2.19,73.871,1.78,31.746,1.375,0.3462,2.707,6.756,0.0528,0.0,-0.0691
elc737a74db855,26,28,Li,TFSI,[Li+].[N-](S(=O)(=O)C(F)(F)F)S(=O)(=O)C(F)(F)F,CCCC(=O)C(=O)OC,0.88,0.9123709875194016,3.6785213090229085,476,64,7.4375,10068,5.7062,4.88374,0.0,0.8,prod,True,1.1456200289756386,569.455,3.3717,2.1629,5.5346,0.0351,0.4963,0.4686,2.11,3.03,True,401.0,3.03,True,2.13,39.532,2.118,36.756,2.098,0.0352,3.417,9.701,0.0758,0.0,-0.0471
elc9bcbebc4716,75,77,Li,BF4,[Li+].[B-](F)(F)(F)F,CC(=O)CC(C)CCOC(C)=O,0.97,0.9677122805862706,-0.2358473622401449,363,64,5.671875,10548,5.5239,4.78881,0.0,0.8,prod,True,1.0289621065034367,446.997,3.572,1.6016,5.1736,0.2505,0.5138,0.2357,2.07,3.11,True,401.0,2.75,True,2.07,65.726,1.858,36.07,1.366,0.2576,2.728,7.92,0.0619,0.0,-0.0919
elcaeee303da8b,92,94,Li,BF4,[Li+].[B-](F)(F)(F)F,CCCCC(OC)C(CC)CC,0.92,0.7400795082678208,-19.556575188280355,383,64,5.984375,14172,5.6222,5.23661,0.0,0.8,prod,True,0.8373946578475964,378.11,1.3574,3.2159,4.5733,0.0,0.0419,0.9581,2.01,2.81,True,401.0,2.67,True,2.05,12.05,0.827,12.05,0.827,0.0,10.671,27.219,0.2126,0.0,0.0
elcb5215896739,111,113,Li,PF6,[Li+].F[P-](F)(F)(F)(F)F,CCC1C2C(C)C(=O)CCCC12OC,1.23,1.2271352280670493,-0.2329082872317601,236,64,3.6875,8536,5.1035,4.42431,0.0,0.8,prod,True,1.053896307267959,540.602,2.5538,2.0012,4.5551,0.0701,0.524,0.4059,2.03,2.65,True,401.0,2.85,True,2.11,41.488,1.286,34.239,0.584,0.0655,3.527,9.045,0.0707,0.0,-0.0333
elcc70c0acb705,28,30,Li,TFSI,[Li+].[N-](S(=O)(=O)C(F)(F)F)S(=O)(=O)C(F)(F)F,CC(=O)C(C)C1CC(C)C(C)C1,0.39,0.3529196493436482,-9.507782219577381,911,64,14.234375,30176,7.4843,6.702719999999999,-0.0,0.8,prod,True,0.941081927940039,227.189,3.7301,0.7618,4.4919,0.5964,0.3164,0.0872,2.05,3.09,True,401.0,2.93,True,2.13,97.502,2.532,22.388,1.895,0.5982,2.365,4.264,0.0333,0.0,-0.065
elcd935fbcaf9f,17,19,Li,FSI,[Li+].[N-](S(=O)(=O)F)S(=O)(=O)F,CC(F)C(=O)C1(C)CCCO1,1.41,1.5207133885145796,7.852013369828347,239,64,3.734375,6376,4.8764,4.11902,0.0,0.8,prod,True,1.205176605713929,710.705,3.6977,1.691,5.3887,0.2338,0.3889,0.3773,2.09,3.23,True,401.0,3.01,True,2.19,53.229,5.426,28.483,2.346,0.2364,3.656,11.224,0.0877,0.0,-0.1943
eld04353f66ede,102,104,Li,PF6,[Li+].F[P-](F)(F)(F)(F)F,CC(=O)C1CCCS(=O)(=O)C1,0.7,0.7657888037933573,9.398400541908199,486,64,7.59375,11690,6.1585,5.17734,-0.0,0.8,prod,True,1.0686887007314183,436.472,5.4545,0.3031,5.7576,0.7674,0.2299,0.0028,2.09,3.15,True,401.0,2.59,True,2.13,116.284,2.534,10.995,2.048,0.8189,2.061,2.507,0.0196,0.0,0.0416
eld498a27a2c63,96,98,Li,BF4,[Li+].[B-](F)(F)(F)F,CCC1C(COC)C2C3CC3CC12C,1.28,1.2510133607098821,-2.2645811945404617,239,64,3.734375,8988,5.0362,4.39598,0.0,0.8,prod,True,1.0071669335602738,533.78,1.6158,2.8494,4.4652,0.0134,0.1981,0.7886,2.01,2.89,True,401.0,2.83,True,2.05,23.612,1.078,22.751,1.031,0.0134,5.6,18.836,0.1472,0.0,-0.0375
eld4a52ffb2f7f,41,43,Li,TFSI,[Li+].[N-](S(=O)(=O)C(F)(F)F)S(=O)(=O)C(F)(F)F,CC1CC(C)(C)C(C)(C)CC1=O,0.7,0.6647206602640121,-5.039905676569693,479,64,7.484375,16352,6.1585,5.427459999999999,0.0,0.8,prod,True,1.021613843144285,357.437,3.5052,1.4151,4.9203,0.2917,0.4925,0.2157,2.07,3.09,True,401.0,3.03,True,2.13,69.189,2.191,38.423,1.518,0.2915,2.532,6.0,0.0469,0.0,-0.171
eld4fbc6228233,56,58,Li,Beti,[Li+].[N-](S(=O)(=O)C(F)(F)C(F)(F)F)S(=O)(=O)C(F)(F)C(F)(F)F,CCC1CC(C)C1C(C)CCOC,0.97,0.892036917360046,-8.037431199995257,279,64,4.359375,11731,5.5239,4.92057,-0.0,0.8,prod,True,1.0548715114247342,485.813,2.1452,2.16,4.3052,0.0436,0.3794,0.577,2.01,2.87,True,401.0,3.01,True,2.17,31.08,2.021,27.672,1.935,0.0427,4.525,23.846,0.1863,0.0,-0.0736
eld6555ba846b1,98,100,Li,BF4,[Li+].[B-](F)(F)(F)F,CC(CF)C1(CF)CCOC1,0.66,0.7145728080411271,8.268607278958648,569,64,8.890625,14609,6.2804,5.298189999999999,-0.0,0.8,prod,True,1.1045725490418472,360.997,2.5138,2.0994,4.6133,0.0136,0.533,0.4533,2.01,2.71,True,401.0,2.61,True,2.07,37.085,1.918,35.726,1.542,0.0155,3.552,12.587,0.0983,0.0,-0.0173
eld6e8f331ccc1,64,66,Li,Beti,[Li+].[N-](S(=O)(=O)C(F)(F)C(F)(F)F)S(=O)(=O)C(F)(F)C(F)(F)F,CCCC1(C)CC(=O)C12CCCC2C,1.41,1.3753245773595701,-2.4592498326545944,159,64,2.484375,7132,4.8764,4.259329999999999,0.0,0.8,prod,True,1.1597678536021252,664.473,1.9193,2.7708,4.6901,0.0178,0.2718,0.7104,2.07,3.03,True,401.0,3.05,True,2.17,20.99,0.972,19.846,0.947,0.0179,6.406,22.706,0.1774,0.0,-0.0579
eld80ae05da57c,47,49,Li,TFSI,[Li+].[N-](S(=O)(=O)C(F)(F)F)S(=O)(=O)C(F)(F)F,CCCCC(C)CC(=O)CC,0.39,0.3256629347774468,-16.496683390398264,981,64,15.328125,31435,7.4843,6.884729999999999,0.0,0.8,prod,True,0.8711497669693947,222.516,3.6066,0.8599,4.4665,0.5221,0.3943,0.0836,2.05,3.03,True,401.0,2.71,True,2.13,93.448,2.778,27.204,2.502,0.5313,2.275,4.264,0.0333,0.0,-0.0687
eld8b3c47d745e,7,9,Li,FSI,[Li+].[N-](S(=O)(=O)F)S(=O)(=O)F,CC(C)C(C)CCCC(=O)C#N,0.43,0.38858516395444576,-9.631357219896334,848,64,13.25,25232,7.2446,6.491039999999999,0.0,0.8,prod,True,0.9319455410805749,267.859,2.0591,2.6889,5.7536,0.0094,0.3024,0.6882,2.15,3.23,True,401.0,3.11,True,2.19,29.408,2.44,27.856,1.67,0.0095,4.557,20.682,0.1616,0.0,0.0103
eld96cf4b84731,128,130,Li,ClO4,[Li+].[O-]Cl(=O)(=O)=O,COC(=O)OCCCSSC,1.46,1.7569687651774333,20.34032638201598,203,64,3.171875,5053,4.8201,3.9254399999999996,0.0,0.8,prod,True,1.2635336981049354,702.884,2.1443,2.2855,4.4298,0.0325,0.2406,0.7268,2.05,2.73,True,401.0,2.77,True,2.07,22.0,0.646,19.856,0.559,0.0321,6.343,19.98,0.1561,0.0,-0.0991
eldb1df5920079,38,40,Li,TFSI,[Li+].[N-](S(=O)(=O)C(F)(F)F)S(=O)(=O)C(F)(F)F,CCC(C)OC(=O)CSC,1.32,1.4023709452223445,6.240223122904882,232,64,3.625,6592,4.9848,4.23177,-0.0,0.8,prod,True,1.2105149759113063,726.571,2.6553,1.8764,4.5317,0.1549,0.4348,0.4103,2.05,2.89,True,401.0,3.09,True,2.11,49.97,1.486,31.806,1.674,0.1531,3.459,8.338,0.0651,0.0,-0.045
eldbe5746dbac4,105,107,Li,PF6,[Li+].F[P-](F)(F)(F)(F)F,CCCCC(C)OC(=O)OCC,0.7,0.658774754614046,-5.889320769421995,492,64,7.6875,15272,6.1585,5.443739999999999,0.0,0.8,prod,True,0.9856190617376632,386.01,3.0261,2.3494,5.3755,0.0426,0.6723,0.2851,2.05,3.09,True,401.0,2.97,True,2.13,50.338,1.34,42.965,1.165,0.0459,2.809,6.403,0.05,0.0,0.035
elde0d960032d0,74,76,Li,Beti,[Li+].[N-](S(=O)(=O)C(F)(F)C(F)(F)F)S(=O)(=O)C(F)(F)C(F)(F)F,CC1CC(C)(C)C(C)(C)CC1=O,1.37,1.3397412945625118,-2.2086646304735997,191,64,2.984375,7520,4.9234,4.29671,0.0,0.8,prod,True,1.162720279963148,643.823,2.4949,2.0226,4.5175,0.1519,0.3196,0.5285,2.05,2.75,True,401.0,2.97,True,2.19,38.154,1.609,22.488,1.552,0.1434,5.014,21.846,0.1707,0.0,-0.1206
elde720a1384e5,110,112,Li,PF6,[Li+].F[P-](F)(F)(F)(F)F,CCOC(=O)CC1CC1C1CCCC1,0.66,0.639326120506036,-3.1324059839339458,465,64,7.265625,16322,6.2804,5.498389999999999,-0.0,0.8,prod,True,1.0022220608463464,352.083,3.179,2.0573,5.2363,0.0597,0.6435,0.2968,2.07,2.95,True,401.0,2.71,True,2.13,52.338,2.161,42.527,1.771,0.0747,2.782,6.284,0.0491,0.0,0.0055
ele4130ef7fb7d,78,80,Li,BF4,[Li+].[B-](F)(F)(F)F,CCC(C)CC(C)=O,1.28,1.0497049320536689,-17.99180218330712,407,64,6.359375,9338,5.0362,4.660729999999999,-0.0,0.8,prod,True,0.8712487477657711,529.882,2.9703,1.8246,4.7948,0.1515,0.6068,0.2418,2.05,2.93,True,401.0,2.71,True,2.07,59.214,1.79,39.876,2.007,0.1528,2.729,6.493,0.0507,0.0,-0.0072
ele4b252857f33,132,134,Li,ClO4,[Li+].[O-]Cl(=O)(=O)=O,CCCC1(C)CC(CC)C(=O)C1C,0.61,0.5453359158682023,-10.6006695298029,554,64,8.65625,19774,6.4476,5.797689999999999,-0.0,0.8,prod,True,0.9201089740674584,296.379,2.8096,1.6392,4.4488,0.0582,0.4979,0.4439,2.05,2.85,True,401.0,2.65,True,2.05,46.672,2.008,39.726,1.056,0.0592,3.049,12.716,0.0993,0.0,-0.0158
ele82b91799f70,125,127,Li,ClO4,[Li+].[O-]Cl(=O)(=O)=O,CC(=O)CCCCC(C)CC(C)=O,1.06,0.9967612170382206,-5.965922920922588,306,64,4.78125,10482,5.3629,4.74183,0.0,0.8,prod,True,0.9845203717407874,456.456,3.6029,1.0688,4.6717,0.2865,0.4752,0.2383,2.07,2.89,True,401.0,2.75,True,2.07,69.741,2.365,30.935,1.672,0.2897,2.887,7.025,0.0549,0.0,0.055
elefcd2c7eeea6,62,64,Li,Beti,[Li+].[N-](S(=O)(=O)C(F)(F)C(F)(F)F)S(=O)(=O)C(F)(F)C(F)(F)F,CCC12COC(CC1C)CC2(C)C,1.28,1.2533983322415923,-2.0782552936256073,194,64,3.03125,8198,5.0362,4.39319,-0.0,0.8,prod,True,1.1708876618432227,592.087,1.8469,2.3815,4.2283,0.0182,0.3233,0.6585,1.99,2.69,True,401.0,2.81,True,2.17,18.363,0.921,17.0,1.022,0.0166,7.475,30.055,0.2348,0.0,-0.0442
elf175f5db8ef1,3,5,Li,FSI,[Li+].[N-](S(=O)(=O)F)S(=O)(=O)F,CCCCC1CC1C1C(=O)CCC1C,1.5,1.4254979193765072,-4.966805374899523,183,64,2.859375,7228,4.7768,4.208759999999999,-0.0,0.8,prod,True,1.0463873781767654,649.92,2.2372,2.6844,4.9216,0.0512,0.2333,0.7155,2.07,2.99,True,401.0,3.13,True,2.19,21.945,1.877,17.577,1.56,0.0493,7.092,25.443,0.1988,0.0,-0.1077
elf35763229972,0,2,Li,FSI,[Li+].[N-](S(=O)(=O)F)S(=O)(=O)F,CCC1(OC(=O)OC)CCC(C)C1,0.3,0.30113460846516,0.378202821720001,1108,64,17.3125,34988,8.1683,7.066799999999999,-0.0,0.8,prod,True,1.0266042299113036,200.17,3.0142,1.5081,4.5223,0.1162,0.6558,0.228,2.05,2.93,True,401.0,2.97,True,2.17,57.682,1.41,41.95,1.288,0.1162,2.678,6.687,0.0522,0.0,0.0207
elf4108c4f5c80,104,106,Li,PF6,[Li+].F[P-](F)(F)(F)(F)F,CCCC1(CC)COC(=O)OC1,1.37,1.4451034896111197,5.482006540957633,238,64,3.71875,7176,4.9234,4.18964,-0.0,0.8,prod,True,1.0935129052311063,576.206,3.5837,2.6308,6.2145,0.1324,0.3528,0.5147,2.11,3.05,True,401.0,2.85,True,2.11,37.398,1.516,24.612,1.124,0.1373,4.69,17.368,0.1357,0.0,-0.1953
elf57c8abddf41,48,50,Li,TFSI,[Li+].[N-](S(=O)(=O)C(F)(F)F)S(=O)(=O)C(F)(F)F,COC(=O)CCC1CCCCCC1C,1.14,1.135904629472431,-0.3592430287341061,229,64,3.578125,9268,5.2344,4.53972,0.0,0.8,prod,True,1.1202127652960676,554.063,2.7447,2.2666,5.0113,0.0821,0.3224,0.5955,2.07,2.97,True,401.0,2.95,True,2.13,34.05,1.825,27.866,1.695,0.0822,4.387,13.821,0.108,0.0,-0.1557
elf5acc8607211,24,26,Li,FSI,[Li+].[N-](S(=O)(=O)F)S(=O)(=O)F,CCCOC(=O)C(C)C1CCC1CC,0.79,0.7345991685769326,-7.012763471274354,373,64,5.828125,14068,5.9151,5.2496,0.0,0.8,prod,True,0.9875998304447229,414.182,2.6404,2.307,4.9474,0.0154,0.423,0.5616,2.07,2.89,True,401.0,3.05,True,2.19,29.378,1.68,28.443,1.551,0.0132,4.481,21.881,0.1709,0.0,-0.0267
elf7bea05a86d1,4,6,Li,FSI,[Li+].[N-](S(=O)(=O)F)S(=O)(=O)F,CC1COCCCC1(C)C,0.74,0.6755057683641756,-8.715436707543832,559,64,8.734375,16292,6.0454,5.39842,0.0,0.8,prod,True,0.9643788341499061,354.674,2.3073,2.2638,4.5711,0.0019,0.4148,0.5832,2.01,2.97,True,401.0,2.79,True,2.15,28.458,3.605,27.975,3.099,0.0024,4.616,18.428,0.144,0.0,0.0055
elf918275ed8b0,99,101,Li,BF4,[Li+].[B-](F)(F)(F)F,CCC1CCC2OC(=O)OC12,0.43,0.4856849680550354,12.949992570938472,930,64,14.53125,21774,7.2446,6.025939999999999,-0.0,0.8,prod,True,1.1064361782261094,265.626,3.7761,1.4625,5.2386,0.3779,0.4062,0.2159,2.11,2.77,True,401.0,2.79,True,2.07,76.333,0.672,33.751,0.652,0.378,2.531,4.995,0.039,0.0,-0.1719
elfb44e7259eb0,65,67,Li,Beti,[Li+].[N-](S(=O)(=O)C(F)(F)C(F)(F)F)S(=O)(=O)C(F)(F)C(F)(F)F,COC1=CSC=CC1,0.83,0.9354395334840486,12.7035582510902,488,64,7.625,9216,5.8185,4.843259999999999,0.0,0.8,prod,True,1.2771413000880694,602.489,2.2618,2.1638,4.4255,0.0079,0.3586,0.6335,2.05,2.97,True,401.0,3.03,True,2.17,32.318,2.733,31.025,1.797,0.0083,4.099,10.144,0.0793,0.0,0.0075
elfbe9340adfcb,141,143,Li,ClO4,[Li+].[O-]Cl(=O)(=O)=O,CSCCC(=O)CSC,1.1,1.2768652040997757,16.078654918161416,330,64,5.15625,7314,5.2971,4.36611,-0.0,0.8,prod,True,1.1953086630630836,598.968,2.2293,0.5368,2.7661,0.5967,0.3239,0.0794,2.07,3.07,True,401.0,2.75,True,2.07,96.582,1.894,19.701,1.372,0.602,2.598,4.99,0.039,0.0,-0.0091
elfc8d5b60e7cd,63,65,Li,Beti,[Li+].[N-](S(=O)(=O)C(F)(F)C(F)(F)F)S(=O)(=O)C(F)(F)C(F)(F)F,CCC1CCC(C)(C)C(=O)C1,1.19,1.1356494487135262,-4.567273217350731,254,64,3.96875,8774,5.1601,4.5400599999999995,0.0,0.8,prod,True,1.132635316813243,579.55,2.8352,2.0205,4.8557,0.1416,0.4528,0.4055,2.07,3.03,True,401.0,2.99,True,2.19,47.706,1.692,33.786,0.892,0.1418,3.378,11.01,0.086,0.0,-0.1252
elfe7c0f4d6901,129,131,Li,ClO4,[Li+].[O-]Cl(=O)(=O)=O,CC(=O)CC1CC1C1CC(C)C2CC21,1.19,1.1445733738102886,-3.817363545353898,259,64,4.046875,9190,5.1601,4.52823,0.0,0.8,prod,True,1.0138992299693925,517.497,2.5938,2.093,4.6868,0.0346,0.3745,0.5909,2.07,2.95,True,401.0,2.77,True,2.05,32.418,2.098,25.627,2.07,0.0361,4.76,18.891,0.1476,0.0,0.0871
elffeb36dda789,139,141,Li,ClO4,[Li+].[O-]Cl(=O)(=O)=O,CCC(=O)CC1OC(=O)C1C1CC1,1.06,1.1629050451636453,9.708023128645781,309,64,4.828125,8727,5.3629,4.50431,-0.0,0.8,prod,True,1.0969815546121175,545.706,3.6206,1.3486,4.9692,0.1945,0.4838,0.3217,2.07,2.89,True,401.0,2.65,True,2.05,55.731,1.701,30.766,0.817,0.1971,3.352,9.517,0.0744,0.0,-0.0086
