key,smiles
S0093f7b1166e,CCCCC(CC)CC(=O)C1CC1
S00ae5d24d88e,CCC(C(=O)OC)S(=O)(=O)CC
S013fdf74fdc1,CCCCCCC(=O)CC(C)CCC
S06b428d05009,CC1CC2CC(C2)C(C)C(=O)OC1C
S0784587f49f4,CCS(=O)(=O)CCCC(C)(C)C
S0856fd16b158,CCC1CCCCC1C(=O)OC(C)C
S0963cf231b77,CCCC(=O)C(CC)S(C)(=O)=O
S0daec2fd1c9a,COC(=O)C(C)CS(C)(=O)=O
S0debb2ea78ce,CCC1CCC(C)(C)C(=O)C1
S0dfa37ccb00f,CCCC(C)C(C)S(=O)(=O)F
S0e2a3cf7f309,COC(=O)C1CC(C)(F)CC1CF
S0ef33bcac1ff,COC(=O)OCC1C2CCCC1C2
S1001f6556102,CCC1C2CC3CC1(CC3C#N)C2=O
S102a9bcca9d2,CC(=O)C1CCCS(=O)(=O)C1
S105b713f5a46,CCC1(C)CC(=O)CCC1(C)C
S10cf9329fa6e,CCCC12CC(C)C1CC(=O)O2
S11daa9807048,CCC1(C(C)(C)C)OOC1=O
S11dbf603976a,CC(C)C(C)CCCC(=O)C#N
S12fd33700510,CCC(SC)C(=O)OC(C)C
S132a7250d70e,CCCC(C(=O)CC)C(CC)C(C)C
S148aedf1b044,CCC1C(C)CC12CCS2(=O)=O
S154d08ee4719,CCCC(C(C)C)C(C)C(=O)OC
S15e4a5daa0b8,CCS(=O)(=O)CC(C)CCCl
S1714f3826520,CC(=O)C1C2CC3CC(C2)CC1C3
S189d47b3f15d,CC1CC2C3C(C)(C)CCC23O1
S18cb379914cf,CC(C)CCOC(=O)C(C)(C)F
S19e8ece671ac,CCCCC(=O)OCCC(C)C
S1a1cf1d818d4,COC(=O)C1(C)CCCC(=O)C1C
S1ae25b2e2f71,CCCC1CC1(C)C(=O)C#N
S1c0509a5bc15,CCC(CC)(OC(C)=O)C(C)(C)C
S1c44bbe44955,CC1COCC2(C1)C(=O)OCC2C#N
S1dd77507259b,COC(=O)CC1(CC(C)C)CCC1
S1f168c1db747,CC1CCC12CC2C(=O)OC1(C)CC1
S215c3dee5440,CCCCCC(F)C(=O)CN(C)C
S215eed19c40e,CCCC(C)CC(C)S(C)(=O)=O
S21b3f288896b,CCC1(OC(=O)OC)CCC(C)C1
S226863e83430,CCC(CC(C)(F)F)C(=O)CC#N
S22d594f40992,CCCC(=O)C(C)C(=O)CC(C)=O
S235b658d4b26,CCC1OC(=O)CCC1C(C)C
S25d091ed29f0,CCON(C)C(C)C1CCCS1
S2aedd08cf251,CCCC(C)(C)CC(=O)C(C)C(C)C
S2b37bc0ab1b1,CSCC(C(=O)F)C(C)C(C)C
S2b6667448be0,CC(=O)CC(=O)C1(C)CC1C
S2c3975e95d78,CCCOC(=O)C(C)C1CCC1CC
S2c6db26ab6e2,CC1(C(=O)C2CCCCC2=O)CCC1
S2d7695c3830d,CCC(CCC(C)C(C)C)OC
S2d92c9c846f8,CCCCCC(=O)OC(C)CCC
S2dc26f76daea,CC(=O)OC1(C)CCCC(C)(C)C1C
S2fe9daef37e6,COC(=O)OCCCSSC
S306bd578470e,CC(=O)CC(C)CCOC(C)=O
S31bb49561b07,CC(C)(C)CC1CCS1(=O)=O
S32d001e3f3b6,CCOC(=O)C(C#N)(CC)CC(C)C
S33048bd02f4d,CCCCC(=O)C(C)C(C)OC
S33c8ea617033,CCC1C(=O)OC(C)C(C)C1C
S350f767980e6,CCCC(=O)C(=O)OC
S36c1e53a8081,CCCCC1CC1C1C(=O)CCC1C
S39eca86e5cae,CC(C)C(=O)C(=O)C(C)(C)CC#N
S3a7beacdebdd,CCC1CC(C)(CC)C(=O)CC1(C)C
S3aadd3bf5860,COC(=O)OC(CC(C)C)N(C)C
S3b94a1bccd96,COOCC(C)CCC(C)C
S3be81ebf022a,CC1C2CC3CC14CC32CC4=O
S3c2b9a6b3cbf,COC(C)CC1CCCC12CCC2
S3e91070b9bf6,CCCC1(C)CC(CC)C(=O)C1C
S3edb542cccd8,CCCC1(CC)OOOC1C
S3edf6137d9c9,CCCC(CCC(F)F)C(=O)OC
S3f15ac81e06e,CCCCC(=O)C(C)(C)C(C)C
S3fa2564e7f67,CS(=O)(=O)CCCC1CCC1
S4018fef8453d,CCCC1CC2(CCCCC2)CO1
S405908ff67ce,CC(=O)N(OC(=O)OCF)C(C)=O
S4096ac4c09ea,CC1CC(C)(C)C(C)(C)CC1=O
S42a5d3df1f5a,CCC1(C#N)CCCCC(=O)O1
S42f2c28623a2,CCN(C)S(=O)(=O)CC(C)C
S43e65862d143,CC(=O)C1CC(C)CCC1C
S4492192f1d4e,CCC(C)C(CC#N)CCCC(C)=O
S44b0ad759a7a,CCC1CCC2OC(=O)OC12
S44b9815d0bb6,COC(=O)C(C)CC(C)(C)C(C)C
S44dfa170824f,CSC1(C)CCC(=O)C(C)C1
S4614047ca666,CC(=O)CC(C(C)=O)C(=O)C(C)=O
S4661e232cb14,CCC(C)C1CCC(CCOC)C1
S468a1305e7ef,CC1CCCC(C)S(=O)(=O)CC1
S46f60018b3ae,CCCC(C)C(C)(C)CCC(C)=O
S47844fb1745a,CC(C)(CS(=O)(=O)F)C1CC1
S47c98294ff41,CCOC(=O)C(CC(C)=O)C1CC1C
S483e2c366092,CCCC(C)C1OC(=O)C1C
S4bbc75ff2226,COCCC(C(C)C)C(C)C
S4c6e570a4396,CCCCC(C)CC(=O)CC
S4d0c8ac3ea88,CC(=O)C1C2CCC(CSC2)C1C
S4d2f15c975f3,COC(=O)OCCOC(C)F
S4e3c54e90875,CC(=O)C(C)(C)C(C)C#N
S50bb80543e6c,CCC(C)C(=O)CCC(C)(C)C(C)=O
S51a7cc6e236d,CCCC1C(CC)OCC1C1(C)CC1
S51cb37ed5e76,CCCCOS(C)(C)C(C)(C)C
S51f19d4718d1,CC1(C(F)F)CCCC1=O
S5300873bc4a7,CS(=O)(=O)C1CCCCC1
S53881e841fcf,COC(=O)C1(C)CCC12CCCC2
S53b96ba881ae,COc1cc(-c2ccccc2)c[nH]1
S540c9bce5ae8,CCCC(=O)C(C)C(C)(C)C
S54bc35cabc25,CC1CN2C(C)C3OC(=O)OC3C12
S54ea9a861261,CC1CC(OC=O)CCC2(C)CC2C1
S563675d9fccf,CCC(=O)C1(C)CC(C)CCCC1C
S590d3ec55b88,CCCC(F)(CC)C(C)=O
S5abea7358f4a,CCCC(C)C(C)CCC(=O)CC#N
S5abf042b60e2,CC(=O)CC1CC1C1CC(C)C2CC21
S5c7048949758,CCC(=O)C(C)C1SCCS1
S5d41d348fe74,CC(=O)CCC1CC(=O)C1C(C)C
S6025d9407903,CCC12CC(CCCCC1=O)C2
S618f437d963b,CC(=O)CCC1CCC(C)O1
S6500218e7fd1,CCOC(=O)OCOCC(C)Cl
S652d24891b1c,CCCC(=O)C(C)C(C)C(C)C(C)C
S66c63f162273,CCC1C(OC(C)=O)OC(=O)C1C#N
S66cc5bdb407d,CCC(=O)C(CCC(C)C)OC
S677f2e1835a5,COCC1C2C(C)C2C(C)CC1(C)C
S67d9707a7b0d,CCOC(=O)OCCCS(C)=O
S689754e2e743,CC(F)C(=O)C1(C)CCCO1
S69efe6872bba,CC12CC3C4CCC35CC(C1CO5)C42
S6b03c5c2bd1f,C#Cc1cc(OC)cs1
S6b77d1171968,CCC1CCCCC(CC)C(=O)O1
S6d81f6960de1,CC1CCC(C)C12C(=O)CCCC2=O
S6eabb7980054,CCCCCS(=O)(=O)CC
S6eddb517b5ea,CC1C(=O)C(C#N)CC2CCCC21
S6fb169a60611,CC(=O)CCCCC(C)CC(C)=O
S714db46e8721,COC(=O)C(=O)C(C)CC(C)Cl
S71694db42c96,CCC1C(COC)C2C3CC3CC12C
S73a7eb833b8f,CCC1COC(C)C2CCC2C1C
S73f7060b1e00,CCCCC(OC(C)=O)C(C)(C)F
S741ce2435b05,CCCC(CC)COC(=O)OCC
S748cb522d6bf,CCCCCC(C#N)(CC)C(C)=O
S7646c4e68019,COC1=CSC=CC1
S76874b16b9c2,CCCCCCCOS(C)(=O)=O
S768fb88d8bed,CCCC1(CC)C(COC)C1(C)C
S76cb98704df3,CC1COCCCC1(C)C
S773fac990d31,CN(C)C1=COC(C#N)=CO1
S778694cdca07,CC(=O)CCC(C)(C)C(C)C(C)C
S7a56115b4c36,CCOC(=O)CC1CC1C1CCCC1
S7a6b389b9d55,CCCCC(C)(CC)CCC(C)=O
S7adf30e6977e,COCS(=O)(=O)C(C)(C)C
S7bb1936c0770,CCC(CC)CC(=O)C(C)CC
S7bbcb126e0fa,CCC(=O)C(C)CS(=O)C(C)C
S7be2ef3249ce,CC(=O)CCCCCCC(=O)C(C)=O
S7e691d351329,COC(=O)C(C)CC(C)CC(C)=O
S7f239775ead5,CCCC12CCOC1(CC)C2
S80f289dbd05c,CCCC(C(C)(C)C)C1(CC)OO1
S83a035dfd4b7,CC1(C(=O)Cl)CCCC1CCl
S84e1b66e3a27,COC(=O)CCC1CCCCCC1C
S854954286a9b,CC(=O)CCCC(C)C(C)(C)C#N
S85bff4aaac3b,CCCC(=O)C(C#N)C(CC)CC
S85cb0914f5eb,CCC1CC(C(=O)OC)CC1=O
S8608d8fc97d1,COP(C)(=O)CC(=O)CC(C)C
S87be929fcdd1,CCC12CC1OC(=O)CCCCC2C
S89865e0d679d,CCC(=O)N1CCCCC1Cl
S89917b3a9009,CCCC(OC)C1OC(=O)OC1=O
S8af73807eb6d,CCCC(C)CC(=O)OC(C)=O
S8b1bf3f51566,CC1CC2CCCC3(CCCC3=O)C12
S8bb7ec38e979,CCC(C)C(OOC)C(C)C(C)C
S8c52916a9cc4,CCS(=O)(=O)C1CCC1
S8c9ce98c9a2b,CCCCC(=O)CCC(C)(C)C#N
S8d0f73ca7c00,CC(=O)OC1CCC(OC(C)=O)C1
S8dd2bb084caf,CCCOC(=O)OCOC
S8f1340067aec,COC(=O)OCC(=O)C(=O)C(C)C
S8f5ff86e310c,CC12CCC3CCC(C1)C2COC3
S906f14670514,CCCC(CCC)C[PH](C)=O
S91316768d2cc,CCCOCCC1CC(C)CCC1C
S933ec6c66b81,CCCCC(C)C(=O)OOCF
S941de040ae01,CC1C2C(=O)C(=O)C(CC(C)(C)C)C12
S94838a92d05e,CC1C(=O)C2CCCC2C1=O
S948c8fb83d94,CCCC(=O)CC(CC#N)C(C)(C)C
S97aa1623b0ae,CCC1CCCC(=O)C1Cl
S98fbd1dc7f19,CCC(C#N)CS(=O)(=O)CC
S9a3e48c7329e,CC1CCC(=O)C(C)(C)CC1C
S9abea462f31b,CCC1CCCC12CC(=O)OC2C
S9b643758157f,CCCCCC(C)C(=O)OCCC
S9c808b11287f,CC(=O)CC1C(C)C2CCC1(C#N)C2
S9c82a341e1dc,CCOC(C)=O
S9fc75bb3be25,CC1CCC(=O)CC(=O)C12CCCC2
Sa28fab30c970,CC1CC(C)(C)C(=O)CC1C(C)(C)C
Sa32c8c1fefe2,CCC(Cl)C(=O)C(C)=O
Sa35cfc491e64,CCC1C2C(C)C(=O)CCCC12OC
Sa3d3e58a44f1,CCCC(=O)C1CCCC(=O)C1CC
Sa4b7429fc237,CCCCC(C)C(=O)C(C)(C#N)CC
Sa6089f35064a,CCCC1(C)CC(=O)C12CCCC2C
Sa65afd9a774c,CCOC(C)OC(=O)OC
Sa6a3d5227fd7,CCC(=O)CCC(=O)OC(C)=O
Sa6dd15fd0e20,CCCC(=O)CCCCC(F)CC
Sa779ca5c4dc5,CC1C(=O)C2CCCC(C)(C2)C1(C)C
Sa86757a9ca26,C=Cc1ccc(C(C)=O)s1
Saa5f97f3f22c,COC(=O)C(C)C(C)S(=O)(=O)F
Saaf6455ac71f,CN(C)C(=O)CC1(C)CC2CC1C2
Sac66560e7d87,CC1CC(C)(C#N)C(=O)C2(C)CC12
Sacaced582033,CC1CC(C)C(CCC(=O)N(C)C)C1
Sb198202ea31d,CC12CC3(C)CC(C1)(C2)S3(=O)=O
Sb1b067069f60,CCC(=O)CC1OC(=O)C1C1CC1
Sb4b28df0322c,CCCCC(C(C)=O)C(Cl)Cl
Sb4f22c20dd4f,COC1C(C(C)=O)C2CCC3CC31C2
Sb67b2c0ecdaf,CCCC(F)C(=O)CC
Sb703fe1a50f5,CCC12CC3CC4COC3C(C1)C42
Sb803f99d9dd9,CC1CC(CC(=O)C#N)C1
Sb99841ae74a7,CCC1CCC(Cl)C1C(C)=O
Sb9c6d3d2c9f5,CCCCC(CC)C1CC(=O)N1C
Sba2151eeb424,CC1CC2CCCC(C(C)C)(C1)C2=O
Sbb03007c1b66,CC(=O)C(C)C1CC(C)C(C)C1
Sbb7fa83b9196,CCC(C)OC(=O)CSC
Sbc26b1321804,CCC(CC)(OC(C)=O)SC
Sbeca3cf453ae,CCCCCC(=O)N(C=O)CCC
Sbf7df6db1f34,CC(CC1CCC1)C(=O)Cl
Sbfb28e1331c0,CCC(C)(C)CCC(=O)N1CCCO1
Sc049651726c3,CC1C(=O)CCC2(C#N)C(C3CC3)C12
Sc20bd1037f85,COC(=O)OC1CCCC(C)C1
Sc32ce9edf4f7,CCCCCC(C)S(=O)(=O)CC
Sc3908a32053f,CC1CC(CCC(=O)OC(C)(C)C)C1
Sc48b3e380db0,CC1C2CCC(C)(C)C1OC(=O)O2
Sc542501a432b,CC1CCCC2CC1COC(C)(C)C2
Sc5afdc0d1f96,CCCOC(=O)OC(C)N(C)CC
Sc5c6aa8511cf,CCCOCCCC(C)CCC
Sc6d1213a5bbb,FCC1OCCO1
Sc89b2e9a7cc2,CCC12COC(CC1C)CC2(C)C
Sc945ef1d4e68,CC(=O)C1CC2CCCC(C2)C1=O
Sc99d9b16dbb5,CCCCC(OC)C(CC)CC
Sca8850f40247,CCC(=O)C(C)C(CC)SC#N
Scac2624e0cf1,CCC(CC)OP(=O)(Cl)CC
Scc9eb242aee3,CCC1CCC2C3CCC3OC(=O)C12
Scd162cff19ff,CC1C(CS(C)(=O)=O)C1(C)C
Scd79c24ad6c2,CSCCC(=O)CSC
Scf1923c7a087,CCC(P)CCC(C)=O
Sd18aae4c301d,CCCCC(C)S(=O)(=O)Cl
Sd1dc43143f43,CCCCCOC(=O)C(C)C
Sd269ffaefcd5,COC1CCCC(C2CCC3CC32)C1
Sd29032727b47,CC1CCC(=O)C1C(C)C(C)(C)C
Sd3005650658b,CC(C)C(C)OC(C)C(F)(F)F
Sd31dbf095844,CCCC(CC)OOC(=O)Cl
Sd36c3e562983,COCC(CC(C)C)C12CCCC1C2
Sd3ae60486a18,CCC(CC)C(=O)CS(C)(=O)=O
Sd631448041a5,CC(=O)C(C(C)=O)C1CC1C
Sd65f75c3bea9,CCCC(C)OC(=O)OC(C)=O
Sd71247ea9c37,CC(=O)CCCC1CCC(=O)C1C
Sd7375efb798f,CCC(C)CC1(CC(=O)OC)CC1
Sd7bdaf9f3368,CCCC1C2CCC(C)C(C)C12OC
Sd86af9db6f52,CCCC1CC(=O)C(C(C)C)C1(C)C
Sd88a7ba70eab,CC1=C[C@H](F)C=CO1
Sd88a8f4d1933,CC1CCC2(CCC(=O)O2)C1(C)C
Sd8d51051b665,CCC(CC)OC1CC(=O)CC1CC
Sd9dc0fe3209c,CC12CCCC1(C)C(C(=O)C#N)CC2
Sda1cacdbc9c4,CCCC1(CC)COC(=O)OC1
Sda541a8e3cb1,CCCC(C)N(CC)CC(=O)CC
Sdaeeb9e5227e,CC(CS(C)(=O)=O)C(F)CF
Sdc50030926ce,CCC(C)CC(C)=O
Sdf29eb5de996,CCS(=O)(=O)CCCC(C)(C)F
Se0fb22cee5fe,CC1OC(=O)OC2C(=O)N(C)C1C2C
Se3c12237517c,COC(=O)CC1CCCCCC(C)C1
Se3c539fd0daf,CCC1(OOC)CC1C
Se3f549a5d23b,CCCC(=O)OSC
Se447765789e9,CC(=O)C1CC2(C(C)=O)CC2C1C
Se4b1fea15fa6,CC1(C)CCCCCS(=O)(=O)C1
Se54e5e1458a3,CCCC(=O)C(CC)CC(C)(C)F
Se5d79f034af8,CCC1CC(C)C1C(C)CCOC
Se732b32e0b9a,CCCCC(C)C(C)SOC
Se74c9a4aaac2,CC(=O)C1(CC(C)C(C)C)CCCC1
Se980182157d3,CC(CF)C1(CF)CCOC1
Sed183be5a1b2,CCC1CC2C(OC)CC(C)C2(C)C1
See7b7915ca26,CCCC1SOC(C)(C)C1C
Sf0923465db12,CCCCC(C)OC(=O)OCC
Sf0ccf2ecc2c6,CCCC(=O)OC1CCC(CC)C1
Sf1704d9e49e2,COC(=O)C1CCCC(C(C)C)C1C
Sf19b728d9135,CCC(C)C(=O)CCC(C)C(C)(C)C
Sf22199ad84a9,CCCC(=O)CC(C)C(C)C
Sf307e9b7d786,CCCCCC1CC1C(=O)C(=O)C#N
Sf4642924395b,CC1CC2CCC(C)C(C2)C1=O
Sf4671bf64324,CCN1C(C)CC(=O)C12CC2C
Sf4b76415d7ab,CCC(CC(C)=O)C(=O)CC(F)F
Sf7a80b70e1cf,CCC1(C)CC2C(C)C2C1C(=O)OC
Sf8166c430727,CC1C2CC(=O)C(C#N)C(C)(C)CC12
Sf9576e27998a,CC(=O)OCP
Sfa9b574ca493,CCCOC(=O)OCCC(C)OC
Sfcbb517ad521,CCCCC(C)C(=O)C1CO1
Sfd23e7eb1b3a,CCCCC(=O)C(C)(C)C(C)CC
Sfd7734abd377,CCCCC1C(C)C1CC(C)=O
Sfe0a2224b0d6,CCC(C)C(=O)C1(C#N)CC1
Sffb26a91871b,CCC(CC)C(C)C(=O)OC(C)C
Sfff8dded6392,CC(C)(C)c1ccc2c(c1)ON(F)O2
