utc,row_index,key,status,seconds,stage
2026-09-21T06:15:46Z,1,elee0b1845f655,ok,792,prod
2026-09-21T07:16:45Z,4,el8149f90a08ac,ok,3659,prod
2026-09-21T07:35:17Z,7,eld5e5f96ed643,ok,1112,prod
2026-09-21T07:53:43Z,10,el573e9d2a77ce,ok,1106,prod
2026-09-21T08:16:47Z,13,el900418f65abd,ok,1383,prod
2026-09-21T08:38:19Z,16,el1674f7ace82e,ok,1290,prod
2026-09-21T09:11:51Z,19,el6f540ce7b515,ok,2011,prod
2026-09-21T09:30:37Z,22,el125b8cd29fc2,ok,1126,prod
2026-09-21T09:46:00Z,25,elacd65047abe1,ok,923,prod
2026-09-21T10:04:15Z,28,elccbd23c5ecc9,ok,1095,prod
2026-09-21T10:24:10Z,31,el94e171df2466,ok,1195,prod
2026-09-21T10:42:48Z,34,elca1ac6f6cf65,ok,1118,prod
2026-09-21T11:04:21Z,37,el9a499ecb04f5,ok,1293,prod
2026-09-21T11:22:54Z,40,el6f4960efc1bb,ok,1113,prod
2026-09-21T11:54:39Z,43,el23dbdf1a2c27,ok,1905,prod
2026-09-21T12:11:33Z,46,el60c4d071b389,ok,1014,prod
2026-09-21T12:29:19Z,49,el0635af156dca,ok,1066,prod
2026-09-21T13:06:06Z,52,el19e17b13d4f5,ok,2207,prod
2026-09-21T13:28:51Z,55,eleb2fe93a0c9d,ok,1364,prod
2026-09-21T13:46:43Z,58,el24bc5d09f46b,ok,1072,prod
2026-09-21T14:05:55Z,61,el6ce1c00d0594,ok,1152,prod
2026-09-21T14:34:59Z,64,el9d1499380049,ok,1743,prod
2026-09-21T14:54:51Z,67,ele2481c8a9925,ok,1192,prod
2026-09-21T15:13:31Z,70,el71a1d81c6001,ok,1120,prod
2026-09-21T16:14:51Z,73,el051d4515c983,ok,3679,prod
2026-09-21T16:34:03Z,76,el3519d5fd1a16,ok,1152,prod
2026-09-21T16:51:01Z,79,elca6bb0f89013,ok,1018,prod
2026-09-21T17:15:15Z,82,el24507c33840a,ok,1454,prod
2026-09-21T17:32:30Z,85,el8a71f74580eb,ok,1035,prod
2026-09-21T18:06:43Z,88,elaba2e41f1c58,ok,2053,prod
2026-09-21T18:30:05Z,91,el71f7d0ad980f,ok,1402,prod
2026-09-21T18:41:25Z,94,elaa1f533ff1fd,ok,680,prod
2026-09-21T19:03:53Z,97,eleb799dff2c04,ok,1348,prod
2026-09-21T19:31:09Z,100,el4c4d0335bcb9,ok,1636,prod
2026-09-21T19:44:22Z,103,el35637e6c874d,ok,793,prod
2026-09-21T19:56:54Z,106,elcc257de7f300,ok,751,prod
2026-09-21T20:21:22Z,109,elcbb1dd9c2b45,ok,1468,prod
2026-09-21T21:22:57Z,112,el905482423db7,ok,3695,prod
2026-09-21T21:50:07Z,115,eld7a093ea4d61,ok,1630,prod
2026-09-21T22:07:50Z,118,eld8a27ccadcc3,ok,1063,prod
2026-09-21T22:39:02Z,121,eldb9d1a0733ed,ok,1871,prod
2026-09-21T22:52:03Z,124,elf93ba65ae928,ok,780,prod
2026-09-21T23:18:44Z,127,el361fd22a15a1,ok,1601,prod
2026-09-21T23:30:21Z,130,elc6e95e9936cf,ok,697,prod
2026-09-22T00:09:41Z,133,ele82c679e77a9,ok,2360,prod
2026-09-22T00:49:56Z,136,el84922e3caf18,ok,2415,prod
2026-09-22T01:10:03Z,139,ela9c86ee21e33,ok,1207,prod
2026-09-22T01:34:40Z,142,el9873bac46933,ok,1477,prod
2026-09-22T02:19:58Z,145,el7f707acc9c69,ok,2716,prod
2026-09-22T02:32:07Z,148,elb7949cc30da8,ok,729,prod
2026-09-22T02:55:13Z,151,ele0e68f6b45d4,ok,1386,prod
2026-09-22T03:12:11Z,154,el3bef3cfb6ce4,ok,1016,prod
2026-09-22T03:39:50Z,157,el6afac1351183,ok,1659,prod
2026-09-22T04:01:47Z,160,el0660fea33408,ok,1317,prod
2026-09-22T04:19:27Z,163,elc5fb7fa1f647,ok,1059,prod
2026-09-22T04:45:20Z,166,ele62b1927428a,ok,1551,prod
2026-09-22T05:22:35Z,169,ele9cf3a59272e,ok,2235,prod
2026-09-22T05:41:31Z,172,el3d0bbc91a844,ok,1135,prod
2026-09-22T06:05:55Z,175,ele6022cea0496,ok,1462,prod
2026-09-22T07:07:29Z,178,ele54ec1da5ba1,ok,3694,prod
2026-09-22T07:27:15Z,181,el97eefbe6a879,ok,1184,prod
2026-09-22T08:02:43Z,184,elfe63d87f95c3,ok,2128,prod
2026-09-22T08:50:16Z,187,elc262b4d7df33,ok,2853,prod
2026-09-22T09:07:07Z,190,el8198712293e2,ok,1010,prod
2026-09-22T09:27:29Z,193,el258e6a418ca5,ok,1222,prod
2026-09-22T10:00:50Z,196,elcf33a9938a12,ok,2001,prod
2026-09-22T10:16:57Z,199,el20e2f9b8ccb4,ok,965,prod
2026-09-22T10:41:34Z,202,el1e4e0dfb6f30,ok,1476,prod
2026-09-22T11:03:47Z,205,el6c672518fa5c,ok,1333,prod
2026-09-22T11:45:05Z,208,el544a8fc9be41,ok,2478,prod
2026-09-22T12:31:24Z,211,ele928b65eee79,ok,2779,prod
2026-09-22T12:57:11Z,214,ela704581ee343,ok,1547,prod
2026-09-22T13:14:36Z,217,el63dbac26e40f,ok,1045,prod
2026-09-22T13:33:02Z,220,el1113cc5789c1,ok,1106,prod
2026-09-22T13:48:23Z,223,el7ffc08ad1c6a,ok,921,prod
2026-09-22T14:01:35Z,226,el85a96ea332f3,ok,792,prod
2026-09-22T14:21:11Z,229,elda73ab98268f,ok,1176,prod
2026-09-22T15:09:37Z,232,el174cbb0f07fd,ok,2906,prod
2026-09-22T15:28:42Z,235,el9d0a230f0d8e,ok,1145,prod
2026-09-22T15:47:03Z,238,eld503e16893f7,ok,1101,prod
2026-09-22T16:05:25Z,241,el6e5003890d0e,ok,1102,prod
2026-09-22T16:23:47Z,244,eld1a42e7a1523,ok,1102,prod
2026-09-22T16:43:02Z,247,el02434574ef94,ok,1155,prod
2026-09-22T17:20:41Z,250,eld6a767eafa9a,ok,2259,prod
